SEARCH; {"nombre":"El Principito"}
INSERT; {"isbn":"6949444452","nombre":"Cien Años de Soledad","autor":"Gabriel Garcia Marquez","categoria":"Ficción","precio":"20.00","cantidad":"10"}
SEARCH; {"nombre":"El Principito"}
PATCH; {"isbn":"1538659505","autor":"Antoine de Saint-Exupéry","precio":"18.00"}
INSERT; {"isbn":"1983183979","nombre":"Don Quijote de la Mancha","autor":"Miguel de Cervantes","categoria":"Clásicos","precio":"25.00","cantidad":"7"}
PATCH; {"isbn":"2031337005","autor":"Antoine de Saint-Exupéry","precio":"18.00"}
DELETE; {"isbn":"3377890238"}
DELETE; {"isbn":"1283783177"}
DELETE; {"isbn":"1144479577"}
SEARCH; {"nombre":"El Principito"}
SEARCH; {"nombre":"Cien Años de Soledad"}
SEARCH; {"nombre":"El Principito"}
INSERT; {"isbn":"2972051316","nombre":"Moby Dick","autor":"Herman Melville","categoria":"Aventura","precio":"22.00","cantidad":"3"}
DELETE; {"isbn":"1186511093"}
INSERT; {"isbn":"1086026296","nombre":"El Principito","autor":"Antoine de Saint-Exupéry","categoria":"Ficción","precio":"15.00","cantidad":"5"}
DELETE; {"isbn":"1910721161"}
INSERT; {"isbn":"9801333568","nombre":"Cien Años de Soledad","autor":"Gabriel Garcia Marquez","categoria":"Ficción","precio":"20.00","cantidad":"10"}
SEARCH; {"nombre":"Cien Años de Soledad"}
PATCH; {"isbn":"1730022985","cantidad":"10"}
SEARCH; {"nombre":"Cien Años de Soledad"}
INSERT; {"isbn":"1521396742","nombre":"El Principito","autor":"Antoine de Saint-Exupéry","categoria":"Ficción","precio":"15.00","cantidad":"5"}
INSERT; {"isbn":"1654205265","nombre":"Moby Dick","autor":"Herman Melville","categoria":"Aventura","precio":"22.00","cantidad":"3"}
INSERT; {"isbn":"4598257894","nombre":"Don Quijote de la Mancha","autor":"Miguel de Cervantes","categoria":"Clásicos","precio":"25.00","cantidad":"7"}
INSERT; {"isbn":"2405481696","nombre":"El Principito","autor":"Antoine de Saint-Exupéry","categoria":"Ficción","precio":"15.00","cantidad":"5"}
INSERT; {"isbn":"7556181079","nombre":"Moby Dick","autor":"Herman Melville","categoria":"Aventura","precio":"22.00","cantidad":"3"}
PATCH; {"isbn":"3491893377","cantidad":"10"}
INSERT; {"isbn":"3313534226","nombre":"Moby Dick","autor":"Herman Melville","categoria":"Aventura","precio":"22.00","cantidad":"3"}
INSERT; {"isbn":"7001960392","nombre":"Don Quijote de la Mancha","autor":"Miguel de Cervantes","categoria":"Clásicos","precio":"25.00","cantidad":"7"}
INSERT; {"isbn":"2902022532","nombre":"Moby Dick","autor":"Herman Melville","categoria":"Aventura","precio":"22.00","cantidad":"3"}
INSERT; {"isbn":"2688142580","nombre":"El Principito","autor":"Antoine de Saint-Exupéry","categoria":"Ficción","precio":"15.00","cantidad":"5"}
INSERT; {"isbn":"7984883211","nombre":"Moby Dick","autor":"Herman Melville","categoria":"Aventura","precio":"22.00","cantidad":"3"}
PATCH; {"isbn":"9768917843","autor":"Antoine de Saint-Exupéry","precio":"18.00"}
SEARCH; {"nombre":"El Principito"}
INSERT; {"isbn":"2825044883","nombre":"Moby Dick","autor":"Herman Melville","categoria":"Aventura","precio":"22.00","cantidad":"3"}
INSERT; {"isbn":"6158794585","nombre":"Cien Años de Soledad","autor":"Gabriel Garcia Marquez","categoria":"Ficción","precio":"20.00","cantidad":"10"}
DELETE; {"isbn":"1544832978"}
INSERT; {"isbn":"1834597422","nombre":"El Principito","autor":"Antoine de Saint-Exupéry","categoria":"Ficción","precio":"15.00","cantidad":"5"}
PATCH; {"isbn":"1075702794","autor":"Antoine de Saint-Exupéry","precio":"18.00"}
INSERT; {"isbn":"2523330792","nombre":"Moby Dick","autor":"Herman Melville","categoria":"Aventura","precio":"22.00","cantidad":"3"}
INSERT; {"isbn":"3062113281","nombre":"Don Quijote de la Mancha","autor":"Miguel de Cervantes","categoria":"Clásicos","precio":"25.00","cantidad":"7"}
DELETE; {"isbn":"3294214978"}
INSERT; {"isbn":"1412183931","nombre":"El Principito","autor":"Antoine de Saint-Exupéry","categoria":"Ficción","precio":"15.00","cantidad":"5"}
PATCH; {"isbn":"3401668804","cantidad":"10"}
INSERT; {"isbn":"1319601855","nombre":"El Principito","autor":"Antoine de Saint-Exupéry","categoria":"Ficción","precio":"15.00","cantidad":"5"}
SEARCH; {"nombre":"Cien Años de Soledad"}
INSERT; {"isbn":"2061333509","nombre":"Don Quijote de la Mancha","autor":"Miguel de Cervantes","categoria":"Clásicos","precio":"25.00","cantidad":"7"}
INSERT; {"isbn":"3050615214","nombre":"El Principito","autor":"Antoine de Saint-Exupéry","categoria":"Ficción","precio":"15.00","cantidad":"5"}
DELETE; {"isbn":"2108948909"}
INSERT; {"isbn":"1976473376","nombre":"Cien Años de Soledad","autor":"Gabriel Garcia Marquez","categoria":"Ficción","precio":"20.00","cantidad":"10"}
INSERT; {"isbn":"1888117765","nombre":"Moby Dick","autor":"Herman Melville","categoria":"Aventura","precio":"22.00","cantidad":"3"}
INSERT; {"isbn":"1762795246","nombre":"Moby Dick","autor":"Herman Melville","categoria":"Aventura","precio":"22.00","cantidad":"3"}
DELETE; {"isbn":"6798301937"}
SEARCH; {"nombre":"El Principito"}
DELETE; {"isbn":"2754474493"}
SEARCH; {"nombre":"El Principito"}
PATCH; {"isbn":"2535247153","cantidad":"10"}
SEARCH; {"nombre":"Cien Años de Soledad"}
DELETE; {"isbn":"2795464850"}
SEARCH; {"nombre":"El Principito"}
INSERT; {"isbn":"6296057523","nombre":"Moby Dick","autor":"Herman Melville","categoria":"Aventura","precio":"22.00","cantidad":"3"}
SEARCH; {"nombre":"El Principito"}
SEARCH; {"nombre":"El Principito"}
DELETE; {"isbn":"6727512353"}
SEARCH; {"nombre":"Cien Años de Soledad"}
PATCH; {"isbn":"1120484776","cantidad":"10"}
DELETE; {"isbn":"3084377955"}
DELETE; {"isbn":"1579611767"}
INSERT; {"isbn":"1047760814","nombre":"Don Quijote de la Mancha","autor":"Miguel de Cervantes","categoria":"Clásicos","precio":"25.00","cantidad":"7"}
PATCH; {"isbn":"1139323175","cantidad":"10"}
DELETE; {"isbn":"2265552048"}
INSERT; {"isbn":"5416266720","nombre":"Moby Dick","autor":"Herman Melville","categoria":"Aventura","precio":"22.00","cantidad":"3"}
SEARCH; {"nombre":"El Principito"}
INSERT; {"isbn":"1530263941","nombre":"Moby Dick","autor":"Herman Melville","categoria":"Aventura","precio":"22.00","cantidad":"3"}
PATCH; {"isbn":"1412765785","autor":"Antoine de Saint-Exupéry","precio":"18.00"}
PATCH; {"isbn":"2840155451","autor":"Antoine de Saint-Exupéry","precio":"18.00"}
PATCH; {"isbn":"2985984330","autor":"Antoine de Saint-Exupéry","precio":"18.00"}
INSERT; {"isbn":"2243978369","nombre":"El Principito","autor":"Antoine de Saint-Exupéry","categoria":"Ficción","precio":"15.00","cantidad":"5"}
PATCH; {"isbn":"1760532820","cantidad":"10"}
INSERT; {"isbn":"2535216675","nombre":"El Principito","autor":"Antoine de Saint-Exupéry","categoria":"Ficción","precio":"15.00","cantidad":"5"}
PATCH; {"isbn":"2774734289","autor":"Antoine de Saint-Exupéry","precio":"18.00"}
DELETE; {"isbn":"9808025431"}
INSERT; {"isbn":"2806584414","nombre":"Moby Dick","autor":"Herman Melville","categoria":"Aventura","precio":"22.00","cantidad":"3"}
DELETE; {"isbn":"2762019705"}
PATCH; {"isbn":"8560772551","cantidad":"10"}
PATCH; {"isbn":"1639630716","cantidad":"10"}
INSERT; {"isbn":"5447742510","nombre":"Don Quijote de la Mancha","autor":"Miguel de Cervantes","categoria":"Clásicos","precio":"25.00","cantidad":"7"}
INSERT; {"isbn":"1798916568","nombre":"Don Quijote de la Mancha","autor":"Miguel de Cervantes","categoria":"Clásicos","precio":"25.00","cantidad":"7"}
INSERT; {"isbn":"2314844289","nombre":"Cien Años de Soledad","autor":"Gabriel Garcia Marquez","categoria":"Ficción","precio":"20.00","cantidad":"10"}
DELETE; {"isbn":"1637801733"}
INSERT; {"isbn":"9485815026","nombre":"Moby Dick","autor":"Herman Melville","categoria":"Aventura","precio":"22.00","cantidad":"3"}
INSERT; {"isbn":"3117656461","nombre":"Cien Años de Soledad","autor":"Gabriel Garcia Marquez","categoria":"Ficción","precio":"20.00","cantidad":"10"}
PATCH; {"isbn":"9740594419","cantidad":"10"}
PATCH; {"isbn":"8130349887","autor":"Antoine de Saint-Exupéry","precio":"18.00"}
PATCH; {"isbn":"1484922771","cantidad":"10"}
PATCH; {"isbn":"1438533483","autor":"Antoine de Saint-Exupéry","precio":"18.00"}
PATCH; {"isbn":"1705808476","autor":"Antoine de Saint-Exupéry","precio":"18.00"}
INSERT; {"isbn":"9753697582","nombre":"Don Quijote de la Mancha","autor":"Miguel de Cervantes","categoria":"Clásicos","precio":"25.00","cantidad":"7"}
INSERT; {"isbn":"1300001826","nombre":"Don Quijote de la Mancha","autor":"Miguel de Cervantes","categoria":"Clásicos","precio":"25.00","cantidad":"7"}
SEARCH; {"nombre":"Cien Años de Soledad"}
INSERT; {"isbn":"7878018988","nombre":"Don Quijote de la Mancha","autor":"Miguel de Cervantes","categoria":"Clásicos","precio":"25.00","cantidad":"7"}
SEARCH; {"nombre":"El Principito"}
SEARCH; {"nombre":"Cien Años de Soledad"}
PATCH; {"isbn":"1140001629","cantidad":"10"}
INSERT; {"isbn":"2407234714","nombre":"El Principito","autor":"Antoine de Saint-Exupéry","categoria":"Ficción","precio":"15.00","cantidad":"5"}
INSERT; {"isbn":"9597070548","nombre":"Moby Dick","autor":"Herman Melville","categoria":"Aventura","precio":"22.00","cantidad":"3"}
PATCH; {"isbn":"2381460987","autor":"Antoine de Saint-Exupéry","precio":"18.00"}
INSERT; {"isbn":"1803675200","nombre":"Moby Dick","autor":"Herman Melville","categoria":"Aventura","precio":"22.00","cantidad":"3"}
SEARCH; {"nombre":"Cien Años de Soledad"}
PATCH; {"isbn":"1135968088","cantidad":"10"}
SEARCH; {"nombre":"Cien Años de Soledad"}
PATCH; {"isbn":"2114615087","autor":"Antoine de Saint-Exupéry","precio":"18.00"}
INSERT; {"isbn":"1313090989","nombre":"Cien Años de Soledad","autor":"Gabriel Garcia Marquez","categoria":"Ficción","precio":"20.00","cantidad":"10"}
DELETE; {"isbn":"1727996386"}
SEARCH; {"nombre":"Cien Años de Soledad"}
INSERT; {"isbn":"2344954494","nombre":"Moby Dick","autor":"Herman Melville","categoria":"Aventura","precio":"22.00","cantidad":"3"}
INSERT; {"isbn":"2806952944","nombre":"Moby Dick","autor":"Herman Melville","categoria":"Aventura","precio":"22.00","cantidad":"3"}
DELETE; {"isbn":"8427874783"}
DELETE; {"isbn":"2533114722"}
INSERT; {"isbn":"2139365916","nombre":"Moby Dick","autor":"Herman Melville","categoria":"Aventura","precio":"22.00","cantidad":"3"}
PATCH; {"isbn":"9801970322","autor":"Antoine de Saint-Exupéry","precio":"18.00"}
PATCH; {"isbn":"5589658090","cantidad":"10"}
SEARCH; {"nombre":"Cien Años de Soledad"}
PATCH; {"isbn":"6959244384","autor":"Antoine de Saint-Exupéry","precio":"18.00"}
INSERT; {"isbn":"2642102880","nombre":"El Principito","autor":"Antoine de Saint-Exupéry","categoria":"Ficción","precio":"15.00","cantidad":"5"}
PATCH; {"isbn":"3141827937","autor":"Antoine de Saint-Exupéry","precio":"18.00"}
DELETE; {"isbn":"1253998460"}
DELETE; {"isbn":"2272262854"}
INSERT; {"isbn":"1215782616","nombre":"Moby Dick","autor":"Herman Melville","categoria":"Aventura","precio":"22.00","cantidad":"3"}
PATCH; {"isbn":"5785386372","autor":"Antoine de Saint-Exupéry","precio":"18.00"}
DELETE; {"isbn":"8181371424"}
INSERT; {"isbn":"1860420120","nombre":"Cien Años de Soledad","autor":"Gabriel Garcia Marquez","categoria":"Ficción","precio":"20.00","cantidad":"10"}
DELETE; {"isbn":"8990226167"}
INSERT; {"isbn":"7714056812","nombre":"Don Quijote de la Mancha","autor":"Miguel de Cervantes","categoria":"Clásicos","precio":"25.00","cantidad":"7"}
INSERT; {"isbn":"4084233508","nombre":"Moby Dick","autor":"Herman Melville","categoria":"Aventura","precio":"22.00","cantidad":"3"}
PATCH; {"isbn":"9549679898","autor":"Antoine de Saint-Exupéry","precio":"18.00"}
DELETE; {"isbn":"1059597354"}
DELETE; {"isbn":"1988301072"}
PATCH; {"isbn":"9860658900","cantidad":"10"}
INSERT; {"isbn":"2597917047","nombre":"Don Quijote de la Mancha","autor":"Miguel de Cervantes","categoria":"Clásicos","precio":"25.00","cantidad":"7"}
INSERT; {"isbn":"2773051902","nombre":"El Principito","autor":"Antoine de Saint-Exupéry","categoria":"Ficción","precio":"15.00","cantidad":"5"}
DELETE; {"isbn":"3292192454"}
PATCH; {"isbn":"1022528582","autor":"Antoine de Saint-Exupéry","precio":"18.00"}
INSERT; {"isbn":"3191141358","nombre":"Moby Dick","autor":"Herman Melville","categoria":"Aventura","precio":"22.00","cantidad":"3"}
PATCH; {"isbn":"1482570610","autor":"Antoine de Saint-Exupéry","precio":"18.00"}
SEARCH; {"nombre":"Cien Años de Soledad"}
DELETE; {"isbn":"2902186678"}
INSERT; {"isbn":"3202087895","nombre":"Moby Dick","autor":"Herman Melville","categoria":"Aventura","precio":"22.00","cantidad":"3"}
SEARCH; {"nombre":"El Principito"}
SEARCH; {"nombre":"El Principito"}
PATCH; {"isbn":"2917357959","cantidad":"10"}
PATCH; {"isbn":"2906550697","cantidad":"10"}
INSERT; {"isbn":"3813304133","nombre":"El Principito","autor":"Antoine de Saint-Exupéry","categoria":"Ficción","precio":"15.00","cantidad":"5"}
SEARCH; {"nombre":"El Principito"}
SEARCH; {"nombre":"El Principito"}
SEARCH; {"nombre":"El Principito"}
PATCH; {"isbn":"1969850987","cantidad":"10"}
DELETE; {"isbn":"1292777112"}
DELETE; {"isbn":"2637445666"}
INSERT; {"isbn":"2943208944","nombre":"Cien Años de Soledad","autor":"Gabriel Garcia Marquez","categoria":"Ficción","precio":"20.00","cantidad":"10"}
DELETE; {"isbn":"1766939276"}
DELETE; {"isbn":"2553323095"}
SEARCH; {"nombre":"Cien Años de Soledad"}
SEARCH; {"nombre":"El Principito"}
DELETE; {"isbn":"3177889281"}
PATCH; {"isbn":"2684457641","autor":"Antoine de Saint-Exupéry","precio":"18.00"}
INSERT; {"isbn":"1667253761","nombre":"Moby Dick","autor":"Herman Melville","categoria":"Aventura","precio":"22.00","cantidad":"3"}
DELETE; {"isbn":"1937877479"}
SEARCH; {"nombre":"El Principito"}
INSERT; {"isbn":"2524958163","nombre":"Moby Dick","autor":"Herman Melville","categoria":"Aventura","precio":"22.00","cantidad":"3"}
DELETE; {"isbn":"3252049651"}
DELETE; {"isbn":"8162235703"}
INSERT; {"isbn":"7406924862","nombre":"Don Quijote de la Mancha","autor":"Miguel de Cervantes","categoria":"Clásicos","precio":"25.00","cantidad":"7"}
PATCH; {"isbn":"1370589114","cantidad":"10"}
DELETE; {"isbn":"1590413068"}
INSERT; {"isbn":"1024678884","nombre":"El Principito","autor":"Antoine de Saint-Exupéry","categoria":"Ficción","precio":"15.00","cantidad":"5"}
PATCH; {"isbn":"1422617494","autor":"Antoine de Saint-Exupéry","precio":"18.00"}
PATCH; {"isbn":"2150156271","cantidad":"10"}
DELETE; {"isbn":"1063486261"}
PATCH; {"isbn":"1872367684","autor":"Antoine de Saint-Exupéry","precio":"18.00"}
DELETE; {"isbn":"6720956220"}
PATCH; {"isbn":"3313440853","cantidad":"10"}
INSERT; {"isbn":"2211255725","nombre":"El Principito","autor":"Antoine de Saint-Exupéry","categoria":"Ficción","precio":"15.00","cantidad":"5"}
INSERT; {"isbn":"1918506558","nombre":"Don Quijote de la Mancha","autor":"Miguel de Cervantes","categoria":"Clásicos","precio":"25.00","cantidad":"7"}
DELETE; {"isbn":"9128185701"}
PATCH; {"isbn":"2021414167","autor":"Antoine de Saint-Exupéry","precio":"18.00"}
DELETE; {"isbn":"1169631499"}
INSERT; {"isbn":"6103300527","nombre":"Don Quijote de la Mancha","autor":"Miguel de Cervantes","categoria":"Clásicos","precio":"25.00","cantidad":"7"}
DELETE; {"isbn":"4975172053"}
INSERT; {"isbn":"1118844678","nombre":"El Principito","autor":"Antoine de Saint-Exupéry","categoria":"Ficción","precio":"15.00","cantidad":"5"}
INSERT; {"isbn":"3849348707","nombre":"El Principito","autor":"Antoine de Saint-Exupéry","categoria":"Ficción","precio":"15.00","cantidad":"5"}
SEARCH; {"nombre":"Cien Años de Soledad"}
DELETE; {"isbn":"2218183941"}
DELETE; {"isbn":"3359729390"}
PATCH; {"isbn":"1298973979","cantidad":"10"}
DELETE; {"isbn":"4252719225"}
INSERT; {"isbn":"2970096342","nombre":"El Principito","autor":"Antoine de Saint-Exupéry","categoria":"Ficción","precio":"15.00","cantidad":"5"}
SEARCH; {"nombre":"Cien Años de Soledad"}
INSERT; {"isbn":"3806360251","nombre":"Don Quijote de la Mancha","autor":"Miguel de Cervantes","categoria":"Clásicos","precio":"25.00","cantidad":"7"}
SEARCH; {"nombre":"Cien Años de Soledad"}
SEARCH; {"nombre":"El Principito"}
SEARCH; {"nombre":"Cien Años de Soledad"}
INSERT; {"isbn":"5864874590","nombre":"Cien Años de Soledad","autor":"Gabriel Garcia Marquez","categoria":"Ficción","precio":"20.00","cantidad":"10"}
INSERT; {"isbn":"1830502892","nombre":"Moby Dick","autor":"Herman Melville","categoria":"Aventura","precio":"22.00","cantidad":"3"}
SEARCH; {"nombre":"El Principito"}
SEARCH; {"nombre":"Cien Años de Soledad"}
INSERT; {"isbn":"9718215979","nombre":"Moby Dick","autor":"Herman Melville","categoria":"Aventura","precio":"22.00","cantidad":"3"}
PATCH; {"isbn":"2509737594","cantidad":"10"}
DELETE; {"isbn":"2629130632"}
PATCH; {"isbn":"1238875183","cantidad":"10"}
PATCH; {"isbn":"3345400631","cantidad":"10"}
DELETE; {"isbn":"1574983111"}
SEARCH; {"nombre":"Cien Años de Soledad"}
INSERT; {"isbn":"4567756660","nombre":"Cien Años de Soledad","autor":"Gabriel Garcia Marquez","categoria":"Ficción","precio":"20.00","cantidad":"10"}
DELETE; {"isbn":"1834844081"}
INSERT; {"isbn":"2908898732","nombre":"Moby Dick","autor":"Herman Melville","categoria":"Aventura","precio":"22.00","cantidad":"3"}
PATCH; {"isbn":"2636777011","autor":"Antoine de Saint-Exupéry","precio":"18.00"}
SEARCH; {"nombre":"Cien Años de Soledad"}
PATCH; {"isbn":"2991347830","cantidad":"10"}
PATCH; {"isbn":"1038539365","autor":"Antoine de Saint-Exupéry","precio":"18.00"}
INSERT; {"isbn":"2467034050","nombre":"Don Quijote de la Mancha","autor":"Miguel de Cervantes","categoria":"Clásicos","precio":"25.00","cantidad":"7"}
SEARCH; {"nombre":"El Principito"}
INSERT; {"isbn":"1281931513","nombre":"Don Quijote de la Mancha","autor":"Miguel de Cervantes","categoria":"Clásicos","precio":"25.00","cantidad":"7"}
INSERT; {"isbn":"3215825287","nombre":"El Principito","autor":"Antoine de Saint-Exupéry","categoria":"Ficción","precio":"15.00","cantidad":"5"}
DELETE; {"isbn":"1912673714"}
PATCH; {"isbn":"2273887034","cantidad":"10"}
INSERT; {"isbn":"2760644506","nombre":"Don Quijote de la Mancha","autor":"Miguel de Cervantes","categoria":"Clásicos","precio":"25.00","cantidad":"7"}
INSERT; {"isbn":"2819804442","nombre":"El Principito","autor":"Antoine de Saint-Exupéry","categoria":"Ficción","precio":"15.00","cantidad":"5"}
PATCH; {"isbn":"1164788495","autor":"Antoine de Saint-Exupéry","precio":"18.00"}
DELETE; {"isbn":"3308731613"}
INSERT; {"isbn":"1432336088","nombre":"Don Quijote de la Mancha","autor":"Miguel de Cervantes","categoria":"Clásicos","precio":"25.00","cantidad":"7"}
INSERT; {"isbn":"1452143697","nombre":"El Principito","autor":"Antoine de Saint-Exupéry","categoria":"Ficción","precio":"15.00","cantidad":"5"}
PATCH; {"isbn":"2464664069","cantidad":"10"}
PATCH; {"isbn":"3178283917","cantidad":"10"}
INSERT; {"isbn":"1482810906","nombre":"Don Quijote de la Mancha","autor":"Miguel de Cervantes","categoria":"Clásicos","precio":"25.00","cantidad":"7"}
SEARCH; {"nombre":"El Principito"}
INSERT; {"isbn":"2006413217","nombre":"Moby Dick","autor":"Herman Melville","categoria":"Aventura","precio":"22.00","cantidad":"3"}
INSERT; {"isbn":"2831039302","nombre":"Don Quijote de la Mancha","autor":"Miguel de Cervantes","categoria":"Clásicos","precio":"25.00","cantidad":"7"}
INSERT; {"isbn":"2415326702","nombre":"Don Quijote de la Mancha","autor":"Miguel de Cervantes","categoria":"Clásicos","precio":"25.00","cantidad":"7"}
INSERT; {"isbn":"5941243707","nombre":"El Principito","autor":"Antoine de Saint-Exupéry","categoria":"Ficción","precio":"15.00","cantidad":"5"}
INSERT; {"isbn":"1521579000","nombre":"Don Quijote de la Mancha","autor":"Miguel de Cervantes","categoria":"Clásicos","precio":"25.00","cantidad":"7"}
SEARCH; {"nombre":"Cien Años de Soledad"}
SEARCH; {"nombre":"Cien Años de Soledad"}
DELETE; {"isbn":"1454382108"}
INSERT; {"isbn":"1447022392","nombre":"El Principito","autor":"Antoine de Saint-Exupéry","categoria":"Ficción","precio":"15.00","cantidad":"5"}
SEARCH; {"nombre":"El Principito"}
SEARCH; {"nombre":"Cien Años de Soledad"}
INSERT; {"isbn":"1883077571","nombre":"Cien Años de Soledad","autor":"Gabriel Garcia Marquez","categoria":"Ficción","precio":"20.00","cantidad":"10"}
INSERT; {"isbn":"8927511237","nombre":"El Principito","autor":"Antoine de Saint-Exupéry","categoria":"Ficción","precio":"15.00","cantidad":"5"}
DELETE; {"isbn":"9391872459"}
PATCH; {"isbn":"2719337308","autor":"Antoine de Saint-Exupéry","precio":"18.00"}
SEARCH; {"nombre":"El Principito"}
INSERT; {"isbn":"1634446232","nombre":"Don Quijote de la Mancha","autor":"Miguel de Cervantes","categoria":"Clásicos","precio":"25.00","cantidad":"7"}
INSERT; {"isbn":"6130614015","nombre":"Don Quijote de la Mancha","autor":"Miguel de Cervantes","categoria":"Clásicos","precio":"25.00","cantidad":"7"}
PATCH; {"isbn":"5567220265","cantidad":"10"}
DELETE; {"isbn":"2217473271"}
INSERT; {"isbn":"1487482521","nombre":"Don Quijote de la Mancha","autor":"Miguel de Cervantes","categoria":"Clásicos","precio":"25.00","cantidad":"7"}
SEARCH; {"nombre":"El Principito"}
SEARCH; {"nombre":"El Principito"}
DELETE; {"isbn":"1799346292"}
DELETE; {"isbn":"1711575092"}
SEARCH; {"nombre":"Cien Años de Soledad"}
PATCH; {"isbn":"1383510275","autor":"Antoine de Saint-Exupéry","precio":"18.00"}
INSERT; {"isbn":"2752130265","nombre":"Moby Dick","autor":"Herman Melville","categoria":"Aventura","precio":"22.00","cantidad":"3"}
INSERT; {"isbn":"1733187988","nombre":"Moby Dick","autor":"Herman Melville","categoria":"Aventura","precio":"22.00","cantidad":"3"}
SEARCH; {"nombre":"El Principito"}
PATCH; {"isbn":"1005884950","cantidad":"10"}
PATCH; {"isbn":"2501745297","cantidad":"10"}
INSERT; {"isbn":"1408239457","nombre":"Don Quijote de la Mancha","autor":"Miguel de Cervantes","categoria":"Clásicos","precio":"25.00","cantidad":"7"}
INSERT; {"isbn":"9606998085","nombre":"Cien Años de Soledad","autor":"Gabriel Garcia Marquez","categoria":"Ficción","precio":"20.00","cantidad":"10"}
DELETE; {"isbn":"2218245393"}
DELETE; {"isbn":"1151132743"}
PATCH; {"isbn":"1333359953","cantidad":"10"}
PATCH; {"isbn":"2626920489","autor":"Antoine de Saint-Exupéry","precio":"18.00"}
PATCH; {"isbn":"1280011568","autor":"Antoine de Saint-Exupéry","precio":"18.00"}
INSERT; {"isbn":"2299358703","nombre":"Don Quijote de la Mancha","autor":"Miguel de Cervantes","categoria":"Clásicos","precio":"25.00","cantidad":"7"}
DELETE; {"isbn":"1740002456"}
DELETE; {"isbn":"7065815541"}
DELETE; {"isbn":"1583871527"}
INSERT; {"isbn":"6485111430","nombre":"Moby Dick","autor":"Herman Melville","categoria":"Aventura","precio":"22.00","cantidad":"3"}
INSERT; {"isbn":"7090777517","nombre":"Cien Años de Soledad","autor":"Gabriel Garcia Marquez","categoria":"Ficción","precio":"20.00","cantidad":"10"}
INSERT; {"isbn":"3348448643","nombre":"Don Quijote de la Mancha","autor":"Miguel de Cervantes","categoria":"Clásicos","precio":"25.00","cantidad":"7"}
INSERT; {"isbn":"1464754457","nombre":"Cien Años de Soledad","autor":"Gabriel Garcia Marquez","categoria":"Ficción","precio":"20.00","cantidad":"10"}
INSERT; {"isbn":"2141196715","nombre":"Don Quijote de la Mancha","autor":"Miguel de Cervantes","categoria":"Clásicos","precio":"25.00","cantidad":"7"}
DELETE; {"isbn":"4584887435"}
SEARCH; {"nombre":"El Principito"}
SEARCH; {"nombre":"Cien Años de Soledad"}
INSERT; {"isbn":"3837519984","nombre":"Moby Dick","autor":"Herman Melville","categoria":"Aventura","precio":"22.00","cantidad":"3"}
INSERT; {"isbn":"3253494413","nombre":"Moby Dick","autor":"Herman Melville","categoria":"Aventura","precio":"22.00","cantidad":"3"}
INSERT; {"isbn":"1104491486","nombre":"Moby Dick","autor":"Herman Melville","categoria":"Aventura","precio":"22.00","cantidad":"3"}
DELETE; {"isbn":"4465549791"}
INSERT; {"isbn":"2108711108","nombre":"Don Quijote de la Mancha","autor":"Miguel de Cervantes","categoria":"Clásicos","precio":"25.00","cantidad":"7"}
INSERT; {"isbn":"2886811942","nombre":"El Principito","autor":"Antoine de Saint-Exupéry","categoria":"Ficción","precio":"15.00","cantidad":"5"}
INSERT; {"isbn":"1017169964","nombre":"Cien Años de Soledad","autor":"Gabriel Garcia Marquez","categoria":"Ficción","precio":"20.00","cantidad":"10"}
PATCH; {"isbn":"1665466804","autor":"Antoine de Saint-Exupéry","precio":"18.00"}
SEARCH; {"nombre":"Cien Años de Soledad"}
INSERT; {"isbn":"2228477210","nombre":"Don Quijote de la Mancha","autor":"Miguel de Cervantes","categoria":"Clásicos","precio":"25.00","cantidad":"7"}
DELETE; {"isbn":"1161376096"}
INSERT; {"isbn":"2716488076","nombre":"Moby Dick","autor":"Herman Melville","categoria":"Aventura","precio":"22.00","cantidad":"3"}
SEARCH; {"nombre":"El Principito"}
INSERT; {"isbn":"2117921123","nombre":"El Principito","autor":"Antoine de Saint-Exupéry","categoria":"Ficción","precio":"15.00","cantidad":"5"}
DELETE; {"isbn":"3076021105"}
INSERT; {"isbn":"2177683036","nombre":"Moby Dick","autor":"Herman Melville","categoria":"Aventura","precio":"22.00","cantidad":"3"}
INSERT; {"isbn":"2760306072","nombre":"Moby Dick","autor":"Herman Melville","categoria":"Aventura","precio":"22.00","cantidad":"3"}
INSERT; {"isbn":"3375912187","nombre":"El Principito","autor":"Antoine de Saint-Exupéry","categoria":"Ficción","precio":"15.00","cantidad":"5"}
PATCH; {"isbn":"1737975457","cantidad":"10"}
PATCH; {"isbn":"1701322676","autor":"Antoine de Saint-Exupéry","precio":"18.00"}
DELETE; {"isbn":"1947607480"}
DELETE; {"isbn":"2470794414"}
INSERT; {"isbn":"3917238965","nombre":"Don Quijote de la Mancha","autor":"Miguel de Cervantes","categoria":"Clásicos","precio":"25.00","cantidad":"7"}
DELETE; {"isbn":"8875703180"}
PATCH; {"isbn":"2713082605","autor":"Antoine de Saint-Exupéry","precio":"18.00"}
DELETE; {"isbn":"2763126934"}
INSERT; {"isbn":"1452561429","nombre":"Don Quijote de la Mancha","autor":"Miguel de Cervantes","categoria":"Clásicos","precio":"25.00","cantidad":"7"}
INSERT; {"isbn":"2709973037","nombre":"Don Quijote de la Mancha","autor":"Miguel de Cervantes","categoria":"Clásicos","precio":"25.00","cantidad":"7"}
INSERT; {"isbn":"3228282160","nombre":"Cien Años de Soledad","autor":"Gabriel Garcia Marquez","categoria":"Ficción","precio":"20.00","cantidad":"10"}
INSERT; {"isbn":"2841143565","nombre":"Moby Dick","autor":"Herman Melville","categoria":"Aventura","precio":"22.00","cantidad":"3"}
SEARCH; {"nombre":"El Principito"}
INSERT; {"isbn":"1760721507","nombre":"Don Quijote de la Mancha","autor":"Miguel de Cervantes","categoria":"Clásicos","precio":"25.00","cantidad":"7"}
INSERT; {"isbn":"1112473732","nombre":"Moby Dick","autor":"Herman Melville","categoria":"Aventura","precio":"22.00","cantidad":"3"}
INSERT; {"isbn":"4732288483","nombre":"Cien Años de Soledad","autor":"Gabriel Garcia Marquez","categoria":"Ficción","precio":"20.00","cantidad":"10"}
DELETE; {"isbn":"1287492104"}
INSERT; {"isbn":"2477926571","nombre":"Moby Dick","autor":"Herman Melville","categoria":"Aventura","precio":"22.00","cantidad":"3"}
SEARCH; {"nombre":"El Principito"}
SEARCH; {"nombre":"El Principito"}
PATCH; {"isbn":"6266812700","autor":"Antoine de Saint-Exupéry","precio":"18.00"}
INSERT; {"isbn":"3996467277","nombre":"El Principito","autor":"Antoine de Saint-Exupéry","categoria":"Ficción","precio":"15.00","cantidad":"5"}
PATCH; {"isbn":"1726901261","cantidad":"10"}
INSERT; {"isbn":"3260521115","nombre":"Cien Años de Soledad","autor":"Gabriel Garcia Marquez","categoria":"Ficción","precio":"20.00","cantidad":"10"}
INSERT; {"isbn":"1229274690","nombre":"Moby Dick","autor":"Herman Melville","categoria":"Aventura","precio":"22.00","cantidad":"3"}
INSERT; {"isbn":"1920278344","nombre":"Don Quijote de la Mancha","autor":"Miguel de Cervantes","categoria":"Clásicos","precio":"25.00","cantidad":"7"}
SEARCH; {"nombre":"El Principito"}
INSERT; {"isbn":"6357891159","nombre":"Don Quijote de la Mancha","autor":"Miguel de Cervantes","categoria":"Clásicos","precio":"25.00","cantidad":"7"}
INSERT; {"isbn":"1460730769","nombre":"Cien Años de Soledad","autor":"Gabriel Garcia Marquez","categoria":"Ficción","precio":"20.00","cantidad":"10"}
PATCH; {"isbn":"8903080134","cantidad":"10"}
SEARCH; {"nombre":"El Principito"}
INSERT; {"isbn":"2349068040","nombre":"Cien Años de Soledad","autor":"Gabriel Garcia Marquez","categoria":"Ficción","precio":"20.00","cantidad":"10"}
DELETE; {"isbn":"1443818608"}
PATCH; {"isbn":"1514416186","cantidad":"10"}
PATCH; {"isbn":"3201375687","cantidad":"10"}
INSERT; {"isbn":"1157738741","nombre":"El Principito","autor":"Antoine de Saint-Exupéry","categoria":"Ficción","precio":"15.00","cantidad":"5"}
INSERT; {"isbn":"2917974120","nombre":"Don Quijote de la Mancha","autor":"Miguel de Cervantes","categoria":"Clásicos","precio":"25.00","cantidad":"7"}
DELETE; {"isbn":"9449288669"}
DELETE; {"isbn":"2834571827"}
INSERT; {"isbn":"2506852207","nombre":"Cien Años de Soledad","autor":"Gabriel Garcia Marquez","categoria":"Ficción","precio":"20.00","cantidad":"10"}
DELETE; {"isbn":"2061975896"}
SEARCH; {"nombre":"Cien Años de Soledad"}
PATCH; {"isbn":"1371515342","cantidad":"10"}
INSERT; {"isbn":"1871271469","nombre":"El Principito","autor":"Antoine de Saint-Exupéry","categoria":"Ficción","precio":"15.00","cantidad":"5"}
PATCH; {"isbn":"5522742806","cantidad":"10"}
INSERT; {"isbn":"1294841167","nombre":"El Principito","autor":"Antoine de Saint-Exupéry","categoria":"Ficción","precio":"15.00","cantidad":"5"}
INSERT; {"isbn":"7550576056","nombre":"Don Quijote de la Mancha","autor":"Miguel de Cervantes","categoria":"Clásicos","precio":"25.00","cantidad":"7"}
PATCH; {"isbn":"1154119440","autor":"Antoine de Saint-Exupéry","precio":"18.00"}
INSERT; {"isbn":"8194535741","nombre":"Don Quijote de la Mancha","autor":"Miguel de Cervantes","categoria":"Clásicos","precio":"25.00","cantidad":"7"}
INSERT; {"isbn":"2839443914","nombre":"Moby Dick","autor":"Herman Melville","categoria":"Aventura","precio":"22.00","cantidad":"3"}
INSERT; {"isbn":"2840261396","nombre":"Cien Años de Soledad","autor":"Gabriel Garcia Marquez","categoria":"Ficción","precio":"20.00","cantidad":"10"}
SEARCH; {"nombre":"Cien Años de Soledad"}
SEARCH; {"nombre":"Cien Años de Soledad"}
SEARCH; {"nombre":"Cien Años de Soledad"}
INSERT; {"isbn":"3326825028","nombre":"Don Quijote de la Mancha","autor":"Miguel de Cervantes","categoria":"Clásicos","precio":"25.00","cantidad":"7"}
INSERT; {"isbn":"1193799004","nombre":"Cien Años de Soledad","autor":"Gabriel Garcia Marquez","categoria":"Ficción","precio":"20.00","cantidad":"10"}
SEARCH; {"nombre":"El Principito"}
PATCH; {"isbn":"1543404551","cantidad":"10"}
SEARCH; {"nombre":"Cien Años de Soledad"}
INSERT; {"isbn":"1113843403","nombre":"Moby Dick","autor":"Herman Melville","categoria":"Aventura","precio":"22.00","cantidad":"3"}
SEARCH; {"nombre":"Cien Años de Soledad"}
INSERT; {"isbn":"1436079618","nombre":"Moby Dick","autor":"Herman Melville","categoria":"Aventura","precio":"22.00","cantidad":"3"}
DELETE; {"isbn":"2743542918"}
SEARCH; {"nombre":"Cien Años de Soledad"}
INSERT; {"isbn":"1646588599","nombre":"Moby Dick","autor":"Herman Melville","categoria":"Aventura","precio":"22.00","cantidad":"3"}
INSERT; {"isbn":"1754848662","nombre":"Don Quijote de la Mancha","autor":"Miguel de Cervantes","categoria":"Clásicos","precio":"25.00","cantidad":"7"}
INSERT; {"isbn":"6142904265","nombre":"Cien Años de Soledad","autor":"Gabriel Garcia Marquez","categoria":"Ficción","precio":"20.00","cantidad":"10"}
PATCH; {"isbn":"2549282012","autor":"Antoine de Saint-Exupéry","precio":"18.00"}
DELETE; {"isbn":"2174347527"}
PATCH; {"isbn":"2256108094","cantidad":"10"}
PATCH; {"isbn":"1378104372","autor":"Antoine de Saint-Exupéry","precio":"18.00"}
INSERT; {"isbn":"9183319802","nombre":"El Principito","autor":"Antoine de Saint-Exupéry","categoria":"Ficción","precio":"15.00","cantidad":"5"}
PATCH; {"isbn":"1095201566","cantidad":"10"}
INSERT; {"isbn":"1834243848","nombre":"Don Quijote de la Mancha","autor":"Miguel de Cervantes","categoria":"Clásicos","precio":"25.00","cantidad":"7"}
INSERT; {"isbn":"2459479689","nombre":"El Principito","autor":"Antoine de Saint-Exupéry","categoria":"Ficción","precio":"15.00","cantidad":"5"}
INSERT; {"isbn":"1142582916","nombre":"El Principito","autor":"Antoine de Saint-Exupéry","categoria":"Ficción","precio":"15.00","cantidad":"5"}
PATCH; {"isbn":"6528221978","cantidad":"10"}
SEARCH; {"nombre":"El Principito"}
DELETE; {"isbn":"2484855937"}
SEARCH; {"nombre":"Cien Años de Soledad"}
INSERT; {"isbn":"1880557838","nombre":"El Principito","autor":"Antoine de Saint-Exupéry","categoria":"Ficción","precio":"15.00","cantidad":"5"}
INSERT; {"isbn":"5016365372","nombre":"Don Quijote de la Mancha","autor":"Miguel de Cervantes","categoria":"Clásicos","precio":"25.00","cantidad":"7"}
INSERT; {"isbn":"1370919791","nombre":"Cien Años de Soledad","autor":"Gabriel Garcia Marquez","categoria":"Ficción","precio":"20.00","cantidad":"10"}
SEARCH; {"nombre":"El Principito"}
INSERT; {"isbn":"7613690401","nombre":"El Principito","autor":"Antoine de Saint-Exupéry","categoria":"Ficción","precio":"15.00","cantidad":"5"}
PATCH; {"isbn":"2306400245","cantidad":"10"}
INSERT; {"isbn":"1338631353","nombre":"El Principito","autor":"Antoine de Saint-Exupéry","categoria":"Ficción","precio":"15.00","cantidad":"5"}
INSERT; {"isbn":"2441844985","nombre":"Moby Dick","autor":"Herman Melville","categoria":"Aventura","precio":"22.00","cantidad":"3"}
PATCH; {"isbn":"8804566343","cantidad":"10"}
INSERT; {"isbn":"3362454138","nombre":"Moby Dick","autor":"Herman Melville","categoria":"Aventura","precio":"22.00","cantidad":"3"}
DELETE; {"isbn":"6005837552"}
DELETE; {"isbn":"2588653679"}
DELETE; {"isbn":"3324564044"}
PATCH; {"isbn":"9384481730","cantidad":"10"}
INSERT; {"isbn":"1229903507","nombre":"Moby Dick","autor":"Herman Melville","categoria":"Aventura","precio":"22.00","cantidad":"3"}
SEARCH; {"nombre":"El Principito"}
DELETE; {"isbn":"1735567815"}
DELETE; {"isbn":"1977979999"}
INSERT; {"isbn":"6374018354","nombre":"El Principito","autor":"Antoine de Saint-Exupéry","categoria":"Ficción","precio":"15.00","cantidad":"5"}
DELETE; {"isbn":"3011072477"}
DELETE; {"isbn":"3881327717"}
DELETE; {"isbn":"1587604657"}
PATCH; {"isbn":"3033806789","cantidad":"10"}
PATCH; {"isbn":"1114905615","cantidad":"10"}
INSERT; {"isbn":"1190417620","nombre":"El Principito","autor":"Antoine de Saint-Exupéry","categoria":"Ficción","precio":"15.00","cantidad":"5"}
INSERT; {"isbn":"2983341076","nombre":"El Principito","autor":"Antoine de Saint-Exupéry","categoria":"Ficción","precio":"15.00","cantidad":"5"}
SEARCH; {"nombre":"El Principito"}
INSERT; {"isbn":"3036538495","nombre":"Don Quijote de la Mancha","autor":"Miguel de Cervantes","categoria":"Clásicos","precio":"25.00","cantidad":"7"}
DELETE; {"isbn":"2451193320"}
SEARCH; {"nombre":"Cien Años de Soledad"}
DELETE; {"isbn":"2210256629"}
SEARCH; {"nombre":"Cien Años de Soledad"}
SEARCH; {"nombre":"El Principito"}
INSERT; {"isbn":"2645489271","nombre":"Moby Dick","autor":"Herman Melville","categoria":"Aventura","precio":"22.00","cantidad":"3"}
INSERT; {"isbn":"1386587211","nombre":"Moby Dick","autor":"Herman Melville","categoria":"Aventura","precio":"22.00","cantidad":"3"}
PATCH; {"isbn":"6565551932","autor":"Antoine de Saint-Exupéry","precio":"18.00"}
INSERT; {"isbn":"2620792777","nombre":"Moby Dick","autor":"Herman Melville","categoria":"Aventura","precio":"22.00","cantidad":"3"}
INSERT; {"isbn":"1741425540","nombre":"El Principito","autor":"Antoine de Saint-Exupéry","categoria":"Ficción","precio":"15.00","cantidad":"5"}
DELETE; {"isbn":"2576151515"}
SEARCH; {"nombre":"Cien Años de Soledad"}
PATCH; {"isbn":"1576473177","cantidad":"10"}
PATCH; {"isbn":"2028798358","autor":"Antoine de Saint-Exupéry","precio":"18.00"}
INSERT; {"isbn":"1898451980","nombre":"Don Quijote de la Mancha","autor":"Miguel de Cervantes","categoria":"Clásicos","precio":"25.00","cantidad":"7"}
PATCH; {"isbn":"1006368796","autor":"Antoine de Saint-Exupéry","precio":"18.00"}
INSERT; {"isbn":"3149385423","nombre":"Cien Años de Soledad","autor":"Gabriel Garcia Marquez","categoria":"Ficción","precio":"20.00","cantidad":"10"}
DELETE; {"isbn":"1474021664"}
PATCH; {"isbn":"2372837568","autor":"Antoine de Saint-Exupéry","precio":"18.00"}
DELETE; {"isbn":"1669257947"}
INSERT; {"isbn":"7500245403","nombre":"Don Quijote de la Mancha","autor":"Miguel de Cervantes","categoria":"Clásicos","precio":"25.00","cantidad":"7"}
DELETE; {"isbn":"2199861207"}
PATCH; {"isbn":"9266654940","cantidad":"10"}
PATCH; {"isbn":"9732574440","autor":"Antoine de Saint-Exupéry","precio":"18.00"}
PATCH; {"isbn":"2948192780","autor":"Antoine de Saint-Exupéry","precio":"18.00"}
INSERT; {"isbn":"1727763630","nombre":"Don Quijote de la Mancha","autor":"Miguel de Cervantes","categoria":"Clásicos","precio":"25.00","cantidad":"7"}
PATCH; {"isbn":"1433730886","autor":"Antoine de Saint-Exupéry","precio":"18.00"}
INSERT; {"isbn":"3083159178","nombre":"Don Quijote de la Mancha","autor":"Miguel de Cervantes","categoria":"Clásicos","precio":"25.00","cantidad":"7"}
DELETE; {"isbn":"6538439116"}
INSERT; {"isbn":"6279857694","nombre":"Don Quijote de la Mancha","autor":"Miguel de Cervantes","categoria":"Clásicos","precio":"25.00","cantidad":"7"}
INSERT; {"isbn":"9183136867","nombre":"Don Quijote de la Mancha","autor":"Miguel de Cervantes","categoria":"Clásicos","precio":"25.00","cantidad":"7"}
PATCH; {"isbn":"1112131177","cantidad":"10"}
SEARCH; {"nombre":"El Principito"}
SEARCH; {"nombre":"Cien Años de Soledad"}
DELETE; {"isbn":"3115113139"}
DELETE; {"isbn":"2178824797"}
INSERT; {"isbn":"1475799650","nombre":"Moby Dick","autor":"Herman Melville","categoria":"Aventura","precio":"22.00","cantidad":"3"}
SEARCH; {"nombre":"El Principito"}
INSERT; {"isbn":"1538832602","nombre":"Moby Dick","autor":"Herman Melville","categoria":"Aventura","precio":"22.00","cantidad":"3"}
INSERT; {"isbn":"7953830714","nombre":"El Principito","autor":"Antoine de Saint-Exupéry","categoria":"Ficción","precio":"15.00","cantidad":"5"}
PATCH; {"isbn":"1892310074","cantidad":"10"}
PATCH; {"isbn":"3232941074","cantidad":"10"}
SEARCH; {"nombre":"El Principito"}
DELETE; {"isbn":"2793442252"}
INSERT; {"isbn":"2934542624","nombre":"Moby Dick","autor":"Herman Melville","categoria":"Aventura","precio":"22.00","cantidad":"3"}
DELETE; {"isbn":"2005454486"}
SEARCH; {"nombre":"El Principito"}
PATCH; {"isbn":"1716672072","cantidad":"10"}
SEARCH; {"nombre":"El Principito"}
DELETE; {"isbn":"6333877815"}
SEARCH; {"nombre":"Cien Años de Soledad"}
SEARCH; {"nombre":"El Principito"}
PATCH; {"isbn":"2069290613","autor":"Antoine de Saint-Exupéry","precio":"18.00"}
INSERT; {"isbn":"2318494315","nombre":"Cien Años de Soledad","autor":"Gabriel Garcia Marquez","categoria":"Ficción","precio":"20.00","cantidad":"10"}
INSERT; {"isbn":"3164199162","nombre":"Cien Años de Soledad","autor":"Gabriel Garcia Marquez","categoria":"Ficción","precio":"20.00","cantidad":"10"}
PATCH; {"isbn":"2993501258","autor":"Antoine de Saint-Exupéry","precio":"18.00"}
INSERT; {"isbn":"3345318534","nombre":"Don Quijote de la Mancha","autor":"Miguel de Cervantes","categoria":"Clásicos","precio":"25.00","cantidad":"7"}
PATCH; {"isbn":"6852271343","autor":"Antoine de Saint-Exupéry","precio":"18.00"}
INSERT; {"isbn":"2316317544","nombre":"Don Quijote de la Mancha","autor":"Miguel de Cervantes","categoria":"Clásicos","precio":"25.00","cantidad":"7"}
SEARCH; {"nombre":"Cien Años de Soledad"}
INSERT; {"isbn":"3171371220","nombre":"Don Quijote de la Mancha","autor":"Miguel de Cervantes","categoria":"Clásicos","precio":"25.00","cantidad":"7"}
INSERT; {"isbn":"3088849019","nombre":"Cien Años de Soledad","autor":"Gabriel Garcia Marquez","categoria":"Ficción","precio":"20.00","cantidad":"10"}
SEARCH; {"nombre":"Cien Años de Soledad"}
PATCH; {"isbn":"2623480305","cantidad":"10"}
INSERT; {"isbn":"3076737981","nombre":"Don Quijote de la Mancha","autor":"Miguel de Cervantes","categoria":"Clásicos","precio":"25.00","cantidad":"7"}
DELETE; {"isbn":"3122351888"}
PATCH; {"isbn":"1868170545","autor":"Antoine de Saint-Exupéry","precio":"18.00"}
SEARCH; {"nombre":"El Principito"}
INSERT; {"isbn":"3394940635","nombre":"El Principito","autor":"Antoine de Saint-Exupéry","categoria":"Ficción","precio":"15.00","cantidad":"5"}
SEARCH; {"nombre":"Cien Años de Soledad"}
PATCH; {"isbn":"2651311448","cantidad":"10"}
INSERT; {"isbn":"1902666529","nombre":"Don Quijote de la Mancha","autor":"Miguel de Cervantes","categoria":"Clásicos","precio":"25.00","cantidad":"7"}
PATCH; {"isbn":"3344701170","autor":"Antoine de Saint-Exupéry","precio":"18.00"}
PATCH; {"isbn":"2132000421","autor":"Antoine de Saint-Exupéry","precio":"18.00"}
DELETE; {"isbn":"2383212575"}
PATCH; {"isbn":"9319419853","autor":"Antoine de Saint-Exupéry","precio":"18.00"}
INSERT; {"isbn":"2295750315","nombre":"Don Quijote de la Mancha","autor":"Miguel de Cervantes","categoria":"Clásicos","precio":"25.00","cantidad":"7"}
DELETE; {"isbn":"2716164056"}
DELETE; {"isbn":"2635356207"}
SEARCH; {"nombre":"Cien Años de Soledad"}
DELETE; {"isbn":"2411007446"}
INSERT; {"isbn":"2465397713","nombre":"Cien Años de Soledad","autor":"Gabriel Garcia Marquez","categoria":"Ficción","precio":"20.00","cantidad":"10"}
DELETE; {"isbn":"3138380168"}
INSERT; {"isbn":"2850395570","nombre":"Don Quijote de la Mancha","autor":"Miguel de Cervantes","categoria":"Clásicos","precio":"25.00","cantidad":"7"}
DELETE; {"isbn":"2422380181"}
DELETE; {"isbn":"5858177586"}
INSERT; {"isbn":"6664007876","nombre":"Moby Dick","autor":"Herman Melville","categoria":"Aventura","precio":"22.00","cantidad":"3"}
PATCH; {"isbn":"1745346099","autor":"Antoine de Saint-Exupéry","precio":"18.00"}
INSERT; {"isbn":"2801982886","nombre":"Moby Dick","autor":"Herman Melville","categoria":"Aventura","precio":"22.00","cantidad":"3"}
PATCH; {"isbn":"1375813862","autor":"Antoine de Saint-Exupéry","precio":"18.00"}
DELETE; {"isbn":"3414427768"}
INSERT; {"isbn":"1232600383","nombre":"Moby Dick","autor":"Herman Melville","categoria":"Aventura","precio":"22.00","cantidad":"3"}
SEARCH; {"nombre":"El Principito"}
INSERT; {"isbn":"3045755416","nombre":"El Principito","autor":"Antoine de Saint-Exupéry","categoria":"Ficción","precio":"15.00","cantidad":"5"}
SEARCH; {"nombre":"Cien Años de Soledad"}
INSERT; {"isbn":"2933415162","nombre":"Moby Dick","autor":"Herman Melville","categoria":"Aventura","precio":"22.00","cantidad":"3"}
INSERT; {"isbn":"3504157243","nombre":"Moby Dick","autor":"Herman Melville","categoria":"Aventura","precio":"22.00","cantidad":"3"}
DELETE; {"isbn":"6186594475"}
SEARCH; {"nombre":"El Principito"}
SEARCH; {"nombre":"El Principito"}
INSERT; {"isbn":"2128307252","nombre":"El Principito","autor":"Antoine de Saint-Exupéry","categoria":"Ficción","precio":"15.00","cantidad":"5"}
INSERT; {"isbn":"1754365990","nombre":"Don Quijote de la Mancha","autor":"Miguel de Cervantes","categoria":"Clásicos","precio":"25.00","cantidad":"7"}
INSERT; {"isbn":"1340127631","nombre":"El Principito","autor":"Antoine de Saint-Exupéry","categoria":"Ficción","precio":"15.00","cantidad":"5"}
PATCH; {"isbn":"3308842962","cantidad":"10"}
INSERT; {"isbn":"2418747823","nombre":"El Principito","autor":"Antoine de Saint-Exupéry","categoria":"Ficción","precio":"15.00","cantidad":"5"}
SEARCH; {"nombre":"El Principito"}
INSERT; {"isbn":"2357927501","nombre":"Moby Dick","autor":"Herman Melville","categoria":"Aventura","precio":"22.00","cantidad":"3"}
INSERT; {"isbn":"3231481331","nombre":"El Principito","autor":"Antoine de Saint-Exupéry","categoria":"Ficción","precio":"15.00","cantidad":"5"}
PATCH; {"isbn":"2330702697","autor":"Antoine de Saint-Exupéry","precio":"18.00"}
INSERT; {"isbn":"2942704267","nombre":"Moby Dick","autor":"Herman Melville","categoria":"Aventura","precio":"22.00","cantidad":"3"}
SEARCH; {"nombre":"Cien Años de Soledad"}
DELETE; {"isbn":"2164411526"}
INSERT; {"isbn":"2383275222","nombre":"El Principito","autor":"Antoine de Saint-Exupéry","categoria":"Ficción","precio":"15.00","cantidad":"5"}
INSERT; {"isbn":"4747024907","nombre":"Cien Años de Soledad","autor":"Gabriel Garcia Marquez","categoria":"Ficción","precio":"20.00","cantidad":"10"}
INSERT; {"isbn":"2162517186","nombre":"Cien Años de Soledad","autor":"Gabriel Garcia Marquez","categoria":"Ficción","precio":"20.00","cantidad":"10"}
PATCH; {"isbn":"2886076324","cantidad":"10"}
PATCH; {"isbn":"2016410794","cantidad":"10"}
PATCH; {"isbn":"2193244652","autor":"Antoine de Saint-Exupéry","precio":"18.00"}
DELETE; {"isbn":"3104445348"}
INSERT; {"isbn":"1758852402","nombre":"Cien Años de Soledad","autor":"Gabriel Garcia Marquez","categoria":"Ficción","precio":"20.00","cantidad":"10"}
PATCH; {"isbn":"2958102335","cantidad":"10"}
SEARCH; {"nombre":"Cien Años de Soledad"}
INSERT; {"isbn":"3126435519","nombre":"Don Quijote de la Mancha","autor":"Miguel de Cervantes","categoria":"Clásicos","precio":"25.00","cantidad":"7"}
DELETE; {"isbn":"1146688483"}
PATCH; {"isbn":"3283018614","cantidad":"10"}
SEARCH; {"nombre":"Cien Años de Soledad"}
INSERT; {"isbn":"3120096494","nombre":"Cien Años de Soledad","autor":"Gabriel Garcia Marquez","categoria":"Ficción","precio":"20.00","cantidad":"10"}
DELETE; {"isbn":"2730404174"}
DELETE; {"isbn":"8660831243"}
SEARCH; {"nombre":"Cien Años de Soledad"}
PATCH; {"isbn":"1331309373","cantidad":"10"}
DELETE; {"isbn":"1524452975"}
PATCH; {"isbn":"3140183284","cantidad":"10"}
DELETE; {"isbn":"2659245456"}
INSERT; {"isbn":"2064364057","nombre":"Don Quijote de la Mancha","autor":"Miguel de Cervantes","categoria":"Clásicos","precio":"25.00","cantidad":"7"}
PATCH; {"isbn":"2740033854","autor":"Antoine de Saint-Exupéry","precio":"18.00"}
INSERT; {"isbn":"3246553386","nombre":"Don Quijote de la Mancha","autor":"Miguel de Cervantes","categoria":"Clásicos","precio":"25.00","cantidad":"7"}
SEARCH; {"nombre":"El Principito"}
SEARCH; {"nombre":"Cien Años de Soledad"}
PATCH; {"isbn":"1482684214","autor":"Antoine de Saint-Exupéry","precio":"18.00"}
INSERT; {"isbn":"2863388702","nombre":"El Principito","autor":"Antoine de Saint-Exupéry","categoria":"Ficción","precio":"15.00","cantidad":"5"}
PATCH; {"isbn":"1460333562","autor":"Antoine de Saint-Exupéry","precio":"18.00"}
PATCH; {"isbn":"3316769848","autor":"Antoine de Saint-Exupéry","precio":"18.00"}
INSERT; {"isbn":"1947624055","nombre":"Don Quijote de la Mancha","autor":"Miguel de Cervantes","categoria":"Clásicos","precio":"25.00","cantidad":"7"}
DELETE; {"isbn":"1423905148"}
SEARCH; {"nombre":"El Principito"}
PATCH; {"isbn":"2352389501","cantidad":"10"}
INSERT; {"isbn":"1310707335","nombre":"Cien Años de Soledad","autor":"Gabriel Garcia Marquez","categoria":"Ficción","precio":"20.00","cantidad":"10"}
INSERT; {"isbn":"2666515178","nombre":"Don Quijote de la Mancha","autor":"Miguel de Cervantes","categoria":"Clásicos","precio":"25.00","cantidad":"7"}
SEARCH; {"nombre":"Cien Años de Soledad"}
INSERT; {"isbn":"2992523044","nombre":"Cien Años de Soledad","autor":"Gabriel Garcia Marquez","categoria":"Ficción","precio":"20.00","cantidad":"10"}
INSERT; {"isbn":"4813765349","nombre":"Don Quijote de la Mancha","autor":"Miguel de Cervantes","categoria":"Clásicos","precio":"25.00","cantidad":"7"}
INSERT; {"isbn":"2625852986","nombre":"Don Quijote de la Mancha","autor":"Miguel de Cervantes","categoria":"Clásicos","precio":"25.00","cantidad":"7"}
PATCH; {"isbn":"2698888424","cantidad":"10"}
INSERT; {"isbn":"2439535636","nombre":"Cien Años de Soledad","autor":"Gabriel Garcia Marquez","categoria":"Ficción","precio":"20.00","cantidad":"10"}
INSERT; {"isbn":"5310748353","nombre":"Cien Años de Soledad","autor":"Gabriel Garcia Marquez","categoria":"Ficción","precio":"20.00","cantidad":"10"}
INSERT; {"isbn":"1838871743","nombre":"Cien Años de Soledad","autor":"Gabriel Garcia Marquez","categoria":"Ficción","precio":"20.00","cantidad":"10"}
INSERT; {"isbn":"1445273478","nombre":"El Principito","autor":"Antoine de Saint-Exupéry","categoria":"Ficción","precio":"15.00","cantidad":"5"}
INSERT; {"isbn":"4584192435","nombre":"El Principito","autor":"Antoine de Saint-Exupéry","categoria":"Ficción","precio":"15.00","cantidad":"5"}
SEARCH; {"nombre":"El Principito"}
INSERT; {"isbn":"2602749000","nombre":"El Principito","autor":"Antoine de Saint-Exupéry","categoria":"Ficción","precio":"15.00","cantidad":"5"}
INSERT; {"isbn":"2731373499","nombre":"El Principito","autor":"Antoine de Saint-Exupéry","categoria":"Ficción","precio":"15.00","cantidad":"5"}
DELETE; {"isbn":"9605709761"}
SEARCH; {"nombre":"Cien Años de Soledad"}
PATCH; {"isbn":"9677089221","autor":"Antoine de Saint-Exupéry","precio":"18.00"}
SEARCH; {"nombre":"Cien Años de Soledad"}
INSERT; {"isbn":"1653520398","nombre":"El Principito","autor":"Antoine de Saint-Exupéry","categoria":"Ficción","precio":"15.00","cantidad":"5"}
INSERT; {"isbn":"7760279085","nombre":"Moby Dick","autor":"Herman Melville","categoria":"Aventura","precio":"22.00","cantidad":"3"}
DELETE; {"isbn":"8637580398"}
PATCH; {"isbn":"1574500744","autor":"Antoine de Saint-Exupéry","precio":"18.00"}
INSERT; {"isbn":"1063776647","nombre":"Cien Años de Soledad","autor":"Gabriel Garcia Marquez","categoria":"Ficción","precio":"20.00","cantidad":"10"}
SEARCH; {"nombre":"El Principito"}
INSERT; {"isbn":"1000483099","nombre":"Don Quijote de la Mancha","autor":"Miguel de Cervantes","categoria":"Clásicos","precio":"25.00","cantidad":"7"}
PATCH; {"isbn":"1051898609","autor":"Antoine de Saint-Exupéry","precio":"18.00"}
SEARCH; {"nombre":"Cien Años de Soledad"}
PATCH; {"isbn":"8838224114","autor":"Antoine de Saint-Exupéry","precio":"18.00"}
PATCH; {"isbn":"1137477195","cantidad":"10"}
SEARCH; {"nombre":"El Principito"}
INSERT; {"isbn":"2736920634","nombre":"Cien Años de Soledad","autor":"Gabriel Garcia Marquez","categoria":"Ficción","precio":"20.00","cantidad":"10"}
SEARCH; {"nombre":"El Principito"}
INSERT; {"isbn":"3026464646","nombre":"Moby Dick","autor":"Herman Melville","categoria":"Aventura","precio":"22.00","cantidad":"3"}
INSERT; {"isbn":"6219739447","nombre":"Cien Años de Soledad","autor":"Gabriel Garcia Marquez","categoria":"Ficción","precio":"20.00","cantidad":"10"}
PATCH; {"isbn":"2164988379","autor":"Antoine de Saint-Exupéry","precio":"18.00"}
INSERT; {"isbn":"1288157556","nombre":"Don Quijote de la Mancha","autor":"Miguel de Cervantes","categoria":"Clásicos","precio":"25.00","cantidad":"7"}
SEARCH; {"nombre":"Cien Años de Soledad"}
DELETE; {"isbn":"2494326897"}
INSERT; {"isbn":"1444447318","nombre":"Moby Dick","autor":"Herman Melville","categoria":"Aventura","precio":"22.00","cantidad":"3"}
INSERT; {"isbn":"1807566397","nombre":"Cien Años de Soledad","autor":"Gabriel Garcia Marquez","categoria":"Ficción","precio":"20.00","cantidad":"10"}
SEARCH; {"nombre":"El Principito"}
SEARCH; {"nombre":"Cien Años de Soledad"}
SEARCH; {"nombre":"El Principito"}
PATCH; {"isbn":"2987808494","autor":"Antoine de Saint-Exupéry","precio":"18.00"}
INSERT; {"isbn":"2974025369","nombre":"Cien Años de Soledad","autor":"Gabriel Garcia Marquez","categoria":"Ficción","precio":"20.00","cantidad":"10"}
INSERT; {"isbn":"1912650066","nombre":"El Principito","autor":"Antoine de Saint-Exupéry","categoria":"Ficción","precio":"15.00","cantidad":"5"}
DELETE; {"isbn":"1887861456"}
INSERT; {"isbn":"1210792095","nombre":"Don Quijote de la Mancha","autor":"Miguel de Cervantes","categoria":"Clásicos","precio":"25.00","cantidad":"7"}
INSERT; {"isbn":"8889680002","nombre":"Cien Años de Soledad","autor":"Gabriel Garcia Marquez","categoria":"Ficción","precio":"20.00","cantidad":"10"}
PATCH; {"isbn":"7321863245","autor":"Antoine de Saint-Exupéry","precio":"18.00"}
INSERT; {"isbn":"2289528547","nombre":"Moby Dick","autor":"Herman Melville","categoria":"Aventura","precio":"22.00","cantidad":"3"}
PATCH; {"isbn":"2547206344","autor":"Antoine de Saint-Exupéry","precio":"18.00"}
INSERT; {"isbn":"1518201660","nombre":"Moby Dick","autor":"Herman Melville","categoria":"Aventura","precio":"22.00","cantidad":"3"}
SEARCH; {"nombre":"Cien Años de Soledad"}
INSERT; {"isbn":"9483262371","nombre":"Cien Años de Soledad","autor":"Gabriel Garcia Marquez","categoria":"Ficción","precio":"20.00","cantidad":"10"}
SEARCH; {"nombre":"El Principito"}
INSERT; {"isbn":"1577836976","nombre":"Cien Años de Soledad","autor":"Gabriel Garcia Marquez","categoria":"Ficción","precio":"20.00","cantidad":"10"}
INSERT; {"isbn":"2584193757","nombre":"Don Quijote de la Mancha","autor":"Miguel de Cervantes","categoria":"Clásicos","precio":"25.00","cantidad":"7"}
DELETE; {"isbn":"5045574862"}
SEARCH; {"nombre":"Cien Años de Soledad"}
PATCH; {"isbn":"1113487748","autor":"Antoine de Saint-Exupéry","precio":"18.00"}
INSERT; {"isbn":"1840644776","nombre":"Moby Dick","autor":"Herman Melville","categoria":"Aventura","precio":"22.00","cantidad":"3"}
PATCH; {"isbn":"3105963468","cantidad":"10"}
INSERT; {"isbn":"1079666045","nombre":"Don Quijote de la Mancha","autor":"Miguel de Cervantes","categoria":"Clásicos","precio":"25.00","cantidad":"7"}
INSERT; {"isbn":"2160867262","nombre":"El Principito","autor":"Antoine de Saint-Exupéry","categoria":"Ficción","precio":"15.00","cantidad":"5"}
INSERT; {"isbn":"8088358853","nombre":"Don Quijote de la Mancha","autor":"Miguel de Cervantes","categoria":"Clásicos","precio":"25.00","cantidad":"7"}
INSERT; {"isbn":"2816482153","nombre":"El Principito","autor":"Antoine de Saint-Exupéry","categoria":"Ficción","precio":"15.00","cantidad":"5"}
SEARCH; {"nombre":"El Principito"}
SEARCH; {"nombre":"El Principito"}
SEARCH; {"nombre":"Cien Años de Soledad"}
DELETE; {"isbn":"6761357083"}
INSERT; {"isbn":"2308771043","nombre":"Cien Años de Soledad","autor":"Gabriel Garcia Marquez","categoria":"Ficción","precio":"20.00","cantidad":"10"}
DELETE; {"isbn":"2596042827"}
SEARCH; {"nombre":"El Principito"}
INSERT; {"isbn":"1170475426","nombre":"El Principito","autor":"Antoine de Saint-Exupéry","categoria":"Ficción","precio":"15.00","cantidad":"5"}
PATCH; {"isbn":"4379221295","cantidad":"10"}
INSERT; {"isbn":"1449842606","nombre":"Don Quijote de la Mancha","autor":"Miguel de Cervantes","categoria":"Clásicos","precio":"25.00","cantidad":"7"}
INSERT; {"isbn":"1563833132","nombre":"Don Quijote de la Mancha","autor":"Miguel de Cervantes","categoria":"Clásicos","precio":"25.00","cantidad":"7"}
PATCH; {"isbn":"3681658024","cantidad":"10"}
PATCH; {"isbn":"2232307132","autor":"Antoine de Saint-Exupéry","precio":"18.00"}
INSERT; {"isbn":"1674202038","nombre":"Cien Años de Soledad","autor":"Gabriel Garcia Marquez","categoria":"Ficción","precio":"20.00","cantidad":"10"}
SEARCH; {"nombre":"Cien Años de Soledad"}
INSERT; {"isbn":"2410193663","nombre":"El Principito","autor":"Antoine de Saint-Exupéry","categoria":"Ficción","precio":"15.00","cantidad":"5"}
INSERT; {"isbn":"2177235015","nombre":"El Principito","autor":"Antoine de Saint-Exupéry","categoria":"Ficción","precio":"15.00","cantidad":"5"}
DELETE; {"isbn":"1401118275"}
INSERT; {"isbn":"3079434865","nombre":"El Principito","autor":"Antoine de Saint-Exupéry","categoria":"Ficción","precio":"15.00","cantidad":"5"}
PATCH; {"isbn":"1731754628","cantidad":"10"}
INSERT; {"isbn":"9162473894","nombre":"Cien Años de Soledad","autor":"Gabriel Garcia Marquez","categoria":"Ficción","precio":"20.00","cantidad":"10"}
PATCH; {"isbn":"1724465742","cantidad":"10"}
PATCH; {"isbn":"1892905565","cantidad":"10"}
SEARCH; {"nombre":"El Principito"}
INSERT; {"isbn":"1676352128","nombre":"Cien Años de Soledad","autor":"Gabriel Garcia Marquez","categoria":"Ficción","precio":"20.00","cantidad":"10"}
DELETE; {"isbn":"3140673327"}
SEARCH; {"nombre":"Cien Años de Soledad"}
SEARCH; {"nombre":"Cien Años de Soledad"}
PATCH; {"isbn":"3104201601","autor":"Antoine de Saint-Exupéry","precio":"18.00"}
INSERT; {"isbn":"3049063366","nombre":"Don Quijote de la Mancha","autor":"Miguel de Cervantes","categoria":"Clásicos","precio":"25.00","cantidad":"7"}
DELETE; {"isbn":"3474688901"}
INSERT; {"isbn":"3141826887","nombre":"El Principito","autor":"Antoine de Saint-Exupéry","categoria":"Ficción","precio":"15.00","cantidad":"5"}
SEARCH; {"nombre":"El Principito"}
PATCH; {"isbn":"2959981334","autor":"Antoine de Saint-Exupéry","precio":"18.00"}
INSERT; {"isbn":"2763196131","nombre":"Cien Años de Soledad","autor":"Gabriel Garcia Marquez","categoria":"Ficción","precio":"20.00","cantidad":"10"}
SEARCH; {"nombre":"El Principito"}
SEARCH; {"nombre":"Cien Años de Soledad"}
INSERT; {"isbn":"2580607372","nombre":"Moby Dick","autor":"Herman Melville","categoria":"Aventura","precio":"22.00","cantidad":"3"}
INSERT; {"isbn":"1429152189","nombre":"Don Quijote de la Mancha","autor":"Miguel de Cervantes","categoria":"Clásicos","precio":"25.00","cantidad":"7"}
SEARCH; {"nombre":"Cien Años de Soledad"}
DELETE; {"isbn":"1469387938"}
INSERT; {"isbn":"2786863485","nombre":"Don Quijote de la Mancha","autor":"Miguel de Cervantes","categoria":"Clásicos","precio":"25.00","cantidad":"7"}
INSERT; {"isbn":"3262681940","nombre":"Cien Años de Soledad","autor":"Gabriel Garcia Marquez","categoria":"Ficción","precio":"20.00","cantidad":"10"}
DELETE; {"isbn":"9948965382"}
INSERT; {"isbn":"7708001314","nombre":"Cien Años de Soledad","autor":"Gabriel Garcia Marquez","categoria":"Ficción","precio":"20.00","cantidad":"10"}
INSERT; {"isbn":"2915581642","nombre":"Moby Dick","autor":"Herman Melville","categoria":"Aventura","precio":"22.00","cantidad":"3"}
DELETE; {"isbn":"7130544823"}
PATCH; {"isbn":"2080731013","autor":"Antoine de Saint-Exupéry","precio":"18.00"}
INSERT; {"isbn":"2106062948","nombre":"Don Quijote de la Mancha","autor":"Miguel de Cervantes","categoria":"Clásicos","precio":"25.00","cantidad":"7"}
INSERT; {"isbn":"1650430852","nombre":"Moby Dick","autor":"Herman Melville","categoria":"Aventura","precio":"22.00","cantidad":"3"}
DELETE; {"isbn":"1215411578"}
INSERT; {"isbn":"3173956116","nombre":"Cien Años de Soledad","autor":"Gabriel Garcia Marquez","categoria":"Ficción","precio":"20.00","cantidad":"10"}
SEARCH; {"nombre":"El Principito"}
PATCH; {"isbn":"1285043565","autor":"Antoine de Saint-Exupéry","precio":"18.00"}
INSERT; {"isbn":"1314452766","nombre":"Cien Años de Soledad","autor":"Gabriel Garcia Marquez","categoria":"Ficción","precio":"20.00","cantidad":"10"}
INSERT; {"isbn":"2304745490","nombre":"El Principito","autor":"Antoine de Saint-Exupéry","categoria":"Ficción","precio":"15.00","cantidad":"5"}
INSERT; {"isbn":"1300242278","nombre":"Cien Años de Soledad","autor":"Gabriel Garcia Marquez","categoria":"Ficción","precio":"20.00","cantidad":"10"}
DELETE; {"isbn":"1557053608"}
PATCH; {"isbn":"2178527376","autor":"Antoine de Saint-Exupéry","precio":"18.00"}
PATCH; {"isbn":"2108194404","autor":"Antoine de Saint-Exupéry","precio":"18.00"}
PATCH; {"isbn":"7860748401","cantidad":"10"}
DELETE; {"isbn":"1132624857"}
SEARCH; {"nombre":"Cien Años de Soledad"}
SEARCH; {"nombre":"Cien Años de Soledad"}
INSERT; {"isbn":"1289979128","nombre":"Don Quijote de la Mancha","autor":"Miguel de Cervantes","categoria":"Clásicos","precio":"25.00","cantidad":"7"}
INSERT; {"isbn":"2673157095","nombre":"Moby Dick","autor":"Herman Melville","categoria":"Aventura","precio":"22.00","cantidad":"3"}
SEARCH; {"nombre":"Cien Años de Soledad"}
PATCH; {"isbn":"4723150247","autor":"Antoine de Saint-Exupéry","precio":"18.00"}
SEARCH; {"nombre":"El Principito"}
PATCH; {"isbn":"2411064059","cantidad":"10"}
SEARCH; {"nombre":"Cien Años de Soledad"}
SEARCH; {"nombre":"Cien Años de Soledad"}
SEARCH; {"nombre":"El Principito"}
PATCH; {"isbn":"2454562835","cantidad":"10"}
SEARCH; {"nombre":"El Principito"}
DELETE; {"isbn":"2437012706"}
DELETE; {"isbn":"2482614447"}
PATCH; {"isbn":"1366011743","cantidad":"10"}
PATCH; {"isbn":"2195952693","autor":"Antoine de Saint-Exupéry","precio":"18.00"}
SEARCH; {"nombre":"Cien Años de Soledad"}
PATCH; {"isbn":"1060328413","autor":"Antoine de Saint-Exupéry","precio":"18.00"}
DELETE; {"isbn":"2339345124"}
PATCH; {"isbn":"2684974111","cantidad":"10"}
DELETE; {"isbn":"6177906368"}
DELETE; {"isbn":"2796020796"}
INSERT; {"isbn":"1699074251","nombre":"Cien Años de Soledad","autor":"Gabriel Garcia Marquez","categoria":"Ficción","precio":"20.00","cantidad":"10"}
DELETE; {"isbn":"1997954881"}
SEARCH; {"nombre":"Cien Años de Soledad"}
PATCH; {"isbn":"2418179946","cantidad":"10"}
SEARCH; {"nombre":"Cien Años de Soledad"}
DELETE; {"isbn":"8725384029"}
DELETE; {"isbn":"3299177829"}
PATCH; {"isbn":"3052551838","cantidad":"10"}
INSERT; {"isbn":"1605592879","nombre":"Cien Años de Soledad","autor":"Gabriel Garcia Marquez","categoria":"Ficción","precio":"20.00","cantidad":"10"}
INSERT; {"isbn":"3344498917","nombre":"Moby Dick","autor":"Herman Melville","categoria":"Aventura","precio":"22.00","cantidad":"3"}
SEARCH; {"nombre":"El Principito"}
SEARCH; {"nombre":"El Principito"}
PATCH; {"isbn":"3046823343","autor":"Antoine de Saint-Exupéry","precio":"18.00"}
DELETE; {"isbn":"1023363906"}
INSERT; {"isbn":"3352317805","nombre":"Moby Dick","autor":"Herman Melville","categoria":"Aventura","precio":"22.00","cantidad":"3"}
DELETE; {"isbn":"2444259673"}
SEARCH; {"nombre":"Cien Años de Soledad"}
SEARCH; {"nombre":"El Principito"}
DELETE; {"isbn":"1179245642"}
SEARCH; {"nombre":"El Principito"}
INSERT; {"isbn":"6847380886","nombre":"Cien Años de Soledad","autor":"Gabriel Garcia Marquez","categoria":"Ficción","precio":"20.00","cantidad":"10"}
INSERT; {"isbn":"3014519892","nombre":"Cien Años de Soledad","autor":"Gabriel Garcia Marquez","categoria":"Ficción","precio":"20.00","cantidad":"10"}
INSERT; {"isbn":"4352734185","nombre":"El Principito","autor":"Antoine de Saint-Exupéry","categoria":"Ficción","precio":"15.00","cantidad":"5"}
INSERT; {"isbn":"1515023813","nombre":"Don Quijote de la Mancha","autor":"Miguel de Cervantes","categoria":"Clásicos","precio":"25.00","cantidad":"7"}
INSERT; {"isbn":"2182266493","nombre":"Moby Dick","autor":"Herman Melville","categoria":"Aventura","precio":"22.00","cantidad":"3"}
DELETE; {"isbn":"3106720972"}
SEARCH; {"nombre":"El Principito"}
PATCH; {"isbn":"9001393256","autor":"Antoine de Saint-Exupéry","precio":"18.00"}
INSERT; {"isbn":"3036372418","nombre":"Moby Dick","autor":"Herman Melville","categoria":"Aventura","precio":"22.00","cantidad":"3"}
DELETE; {"isbn":"3342393038"}
INSERT; {"isbn":"3134239038","nombre":"Moby Dick","autor":"Herman Melville","categoria":"Aventura","precio":"22.00","cantidad":"3"}
SEARCH; {"nombre":"El Principito"}
SEARCH; {"nombre":"Cien Años de Soledad"}
INSERT; {"isbn":"2896638638","nombre":"Cien Años de Soledad","autor":"Gabriel Garcia Marquez","categoria":"Ficción","precio":"20.00","cantidad":"10"}
PATCH; {"isbn":"2557709806","autor":"Antoine de Saint-Exupéry","precio":"18.00"}
INSERT; {"isbn":"4868018332","nombre":"Moby Dick","autor":"Herman Melville","categoria":"Aventura","precio":"22.00","cantidad":"3"}
INSERT; {"isbn":"1218493552","nombre":"El Principito","autor":"Antoine de Saint-Exupéry","categoria":"Ficción","precio":"15.00","cantidad":"5"}
SEARCH; {"nombre":"Cien Años de Soledad"}
INSERT; {"isbn":"4893638236","nombre":"Moby Dick","autor":"Herman Melville","categoria":"Aventura","precio":"22.00","cantidad":"3"}
INSERT; {"isbn":"9566717136","nombre":"Cien Años de Soledad","autor":"Gabriel Garcia Marquez","categoria":"Ficción","precio":"20.00","cantidad":"10"}
INSERT; {"isbn":"1770872336","nombre":"Don Quijote de la Mancha","autor":"Miguel de Cervantes","categoria":"Clásicos","precio":"25.00","cantidad":"7"}
INSERT; {"isbn":"2849800968","nombre":"Cien Años de Soledad","autor":"Gabriel Garcia Marquez","categoria":"Ficción","precio":"20.00","cantidad":"10"}
INSERT; {"isbn":"2722098761","nombre":"El Principito","autor":"Antoine de Saint-Exupéry","categoria":"Ficción","precio":"15.00","cantidad":"5"}
PATCH; {"isbn":"1295876556","cantidad":"10"}
INSERT; {"isbn":"2642624217","nombre":"Don Quijote de la Mancha","autor":"Miguel de Cervantes","categoria":"Clásicos","precio":"25.00","cantidad":"7"}
DELETE; {"isbn":"3065687722"}
INSERT; {"isbn":"2950896187","nombre":"El Principito","autor":"Antoine de Saint-Exupéry","categoria":"Ficción","precio":"15.00","cantidad":"5"}
SEARCH; {"nombre":"Cien Años de Soledad"}
DELETE; {"isbn":"3040727295"}
DELETE; {"isbn":"3934183386"}
INSERT; {"isbn":"3137313930","nombre":"El Principito","autor":"Antoine de Saint-Exupéry","categoria":"Ficción","precio":"15.00","cantidad":"5"}
INSERT; {"isbn":"5123980038","nombre":"Don Quijote de la Mancha","autor":"Miguel de Cervantes","categoria":"Clásicos","precio":"25.00","cantidad":"7"}
SEARCH; {"nombre":"Cien Años de Soledad"}
SEARCH; {"nombre":"El Principito"}
INSERT; {"isbn":"2166621517","nombre":"Cien Años de Soledad","autor":"Gabriel Garcia Marquez","categoria":"Ficción","precio":"20.00","cantidad":"10"}
INSERT; {"isbn":"1804527477","nombre":"Don Quijote de la Mancha","autor":"Miguel de Cervantes","categoria":"Clásicos","precio":"25.00","cantidad":"7"}
DELETE; {"isbn":"3477651453"}
PATCH; {"isbn":"8380845130","cantidad":"10"}
INSERT; {"isbn":"3166886528","nombre":"Cien Años de Soledad","autor":"Gabriel Garcia Marquez","categoria":"Ficción","precio":"20.00","cantidad":"10"}
PATCH; {"isbn":"2819130089","cantidad":"10"}
INSERT; {"isbn":"3494462091","nombre":"Don Quijote de la Mancha","autor":"Miguel de Cervantes","categoria":"Clásicos","precio":"25.00","cantidad":"7"}
INSERT; {"isbn":"1742760714","nombre":"Don Quijote de la Mancha","autor":"Miguel de Cervantes","categoria":"Clásicos","precio":"25.00","cantidad":"7"}
PATCH; {"isbn":"8908693268","cantidad":"10"}
INSERT; {"isbn":"3148745470","nombre":"Cien Años de Soledad","autor":"Gabriel Garcia Marquez","categoria":"Ficción","precio":"20.00","cantidad":"10"}
PATCH; {"isbn":"1861169058","autor":"Antoine de Saint-Exupéry","precio":"18.00"}
INSERT; {"isbn":"3148628489","nombre":"Cien Años de Soledad","autor":"Gabriel Garcia Marquez","categoria":"Ficción","precio":"20.00","cantidad":"10"}
INSERT; {"isbn":"6972316139","nombre":"Cien Años de Soledad","autor":"Gabriel Garcia Marquez","categoria":"Ficción","precio":"20.00","cantidad":"10"}
PATCH; {"isbn":"3178230074","autor":"Antoine de Saint-Exupéry","precio":"18.00"}
INSERT; {"isbn":"1292253087","nombre":"Cien Años de Soledad","autor":"Gabriel Garcia Marquez","categoria":"Ficción","precio":"20.00","cantidad":"10"}
DELETE; {"isbn":"5265231061"}
SEARCH; {"nombre":"El Principito"}
SEARCH; {"nombre":"El Principito"}
SEARCH; {"nombre":"Cien Años de Soledad"}
INSERT; {"isbn":"1310910196","nombre":"Don Quijote de la Mancha","autor":"Miguel de Cervantes","categoria":"Clásicos","precio":"25.00","cantidad":"7"}
INSERT; {"isbn":"1006346666","nombre":"El Principito","autor":"Antoine de Saint-Exupéry","categoria":"Ficción","precio":"15.00","cantidad":"5"}
DELETE; {"isbn":"1918936349"}
INSERT; {"isbn":"7105481044","nombre":"Don Quijote de la Mancha","autor":"Miguel de Cervantes","categoria":"Clásicos","precio":"25.00","cantidad":"7"}
DELETE; {"isbn":"2249736190"}
SEARCH; {"nombre":"Cien Años de Soledad"}
SEARCH; {"nombre":"Cien Años de Soledad"}
DELETE; {"isbn":"7032819147"}
SEARCH; {"nombre":"El Principito"}
SEARCH; {"nombre":"Cien Años de Soledad"}
DELETE; {"isbn":"1394830665"}
DELETE; {"isbn":"2425670842"}
DELETE; {"isbn":"3239188920"}
INSERT; {"isbn":"2280659954","nombre":"Cien Años de Soledad","autor":"Gabriel Garcia Marquez","categoria":"Ficción","precio":"20.00","cantidad":"10"}
PATCH; {"isbn":"2247322868","autor":"Antoine de Saint-Exupéry","precio":"18.00"}
SEARCH; {"nombre":"El Principito"}
PATCH; {"isbn":"3102103897","cantidad":"10"}
INSERT; {"isbn":"2377898522","nombre":"Moby Dick","autor":"Herman Melville","categoria":"Aventura","precio":"22.00","cantidad":"3"}
PATCH; {"isbn":"1429749697","cantidad":"10"}
INSERT; {"isbn":"3197958218","nombre":"Don Quijote de la Mancha","autor":"Miguel de Cervantes","categoria":"Clásicos","precio":"25.00","cantidad":"7"}
SEARCH; {"nombre":"El Principito"}
DELETE; {"isbn":"5769077765"}
INSERT; {"isbn":"2353375403","nombre":"Cien Años de Soledad","autor":"Gabriel Garcia Marquez","categoria":"Ficción","precio":"20.00","cantidad":"10"}
INSERT; {"isbn":"8960944214","nombre":"Moby Dick","autor":"Herman Melville","categoria":"Aventura","precio":"22.00","cantidad":"3"}
PATCH; {"isbn":"1602628890","cantidad":"10"}
SEARCH; {"nombre":"El Principito"}
INSERT; {"isbn":"1788825675","nombre":"Don Quijote de la Mancha","autor":"Miguel de Cervantes","categoria":"Clásicos","precio":"25.00","cantidad":"7"}
PATCH; {"isbn":"1905682460","autor":"Antoine de Saint-Exupéry","precio":"18.00"}
DELETE; {"isbn":"1645872404"}
SEARCH; {"nombre":"El Principito"}
DELETE; {"isbn":"3379929126"}
INSERT; {"isbn":"2604471612","nombre":"El Principito","autor":"Antoine de Saint-Exupéry","categoria":"Ficción","precio":"15.00","cantidad":"5"}
INSERT; {"isbn":"2850938159","nombre":"Don Quijote de la Mancha","autor":"Miguel de Cervantes","categoria":"Clásicos","precio":"25.00","cantidad":"7"}
INSERT; {"isbn":"3018957118","nombre":"El Principito","autor":"Antoine de Saint-Exupéry","categoria":"Ficción","precio":"15.00","cantidad":"5"}
PATCH; {"isbn":"3091142751","cantidad":"10"}
DELETE; {"isbn":"2010275798"}
PATCH; {"isbn":"1293842602","cantidad":"10"}
INSERT; {"isbn":"1846335852","nombre":"Moby Dick","autor":"Herman Melville","categoria":"Aventura","precio":"22.00","cantidad":"3"}
SEARCH; {"nombre":"Cien Años de Soledad"}
INSERT; {"isbn":"1430301543","nombre":"El Principito","autor":"Antoine de Saint-Exupéry","categoria":"Ficción","precio":"15.00","cantidad":"5"}
PATCH; {"isbn":"2886776128","autor":"Antoine de Saint-Exupéry","precio":"18.00"}
DELETE; {"isbn":"2999597309"}
INSERT; {"isbn":"1769342902","nombre":"Moby Dick","autor":"Herman Melville","categoria":"Aventura","precio":"22.00","cantidad":"3"}
INSERT; {"isbn":"2195314907","nombre":"Moby Dick","autor":"Herman Melville","categoria":"Aventura","precio":"22.00","cantidad":"3"}
SEARCH; {"nombre":"El Principito"}
INSERT; {"isbn":"1613937712","nombre":"Don Quijote de la Mancha","autor":"Miguel de Cervantes","categoria":"Clásicos","precio":"25.00","cantidad":"7"}
SEARCH; {"nombre":"El Principito"}
DELETE; {"isbn":"2068041169"}
INSERT; {"isbn":"2194502821","nombre":"El Principito","autor":"Antoine de Saint-Exupéry","categoria":"Ficción","precio":"15.00","cantidad":"5"}
INSERT; {"isbn":"2055698455","nombre":"Don Quijote de la Mancha","autor":"Miguel de Cervantes","categoria":"Clásicos","precio":"25.00","cantidad":"7"}
SEARCH; {"nombre":"El Principito"}
INSERT; {"isbn":"3318714430","nombre":"Moby Dick","autor":"Herman Melville","categoria":"Aventura","precio":"22.00","cantidad":"3"}
SEARCH; {"nombre":"El Principito"}
DELETE; {"isbn":"2095000067"}
SEARCH; {"nombre":"Cien Años de Soledad"}
INSERT; {"isbn":"5733257048","nombre":"El Principito","autor":"Antoine de Saint-Exupéry","categoria":"Ficción","precio":"15.00","cantidad":"5"}
PATCH; {"isbn":"4176638678","cantidad":"10"}
SEARCH; {"nombre":"El Principito"}
INSERT; {"isbn":"1833197180","nombre":"Cien Años de Soledad","autor":"Gabriel Garcia Marquez","categoria":"Ficción","precio":"20.00","cantidad":"10"}
SEARCH; {"nombre":"El Principito"}
SEARCH; {"nombre":"Cien Años de Soledad"}
SEARCH; {"nombre":"El Principito"}
SEARCH; {"nombre":"Cien Años de Soledad"}
DELETE; {"isbn":"1653320275"}
DELETE; {"isbn":"2701301402"}
SEARCH; {"nombre":"Cien Años de Soledad"}
INSERT; {"isbn":"2852861993","nombre":"Don Quijote de la Mancha","autor":"Miguel de Cervantes","categoria":"Clásicos","precio":"25.00","cantidad":"7"}
INSERT; {"isbn":"4023957095","nombre":"Cien Años de Soledad","autor":"Gabriel Garcia Marquez","categoria":"Ficción","precio":"20.00","cantidad":"10"}
SEARCH; {"nombre":"El Principito"}
SEARCH; {"nombre":"El Principito"}
PATCH; {"isbn":"6820045905","autor":"Antoine de Saint-Exupéry","precio":"18.00"}
INSERT; {"isbn":"9374520901","nombre":"Cien Años de Soledad","autor":"Gabriel Garcia Marquez","categoria":"Ficción","precio":"20.00","cantidad":"10"}
INSERT; {"isbn":"2766936875","nombre":"Moby Dick","autor":"Herman Melville","categoria":"Aventura","precio":"22.00","cantidad":"3"}
DELETE; {"isbn":"9395243330"}
SEARCH; {"nombre":"Cien Años de Soledad"}
PATCH; {"isbn":"2855982124","cantidad":"10"}
DELETE; {"isbn":"1012788664"}
SEARCH; {"nombre":"El Principito"}
INSERT; {"isbn":"1848025392","nombre":"Cien Años de Soledad","autor":"Gabriel Garcia Marquez","categoria":"Ficción","precio":"20.00","cantidad":"10"}
PATCH; {"isbn":"6842564432","autor":"Antoine de Saint-Exupéry","precio":"18.00"}
INSERT; {"isbn":"2354926599","nombre":"Moby Dick","autor":"Herman Melville","categoria":"Aventura","precio":"22.00","cantidad":"3"}
INSERT; {"isbn":"2705887656","nombre":"Don Quijote de la Mancha","autor":"Miguel de Cervantes","categoria":"Clásicos","precio":"25.00","cantidad":"7"}
SEARCH; {"nombre":"El Principito"}
INSERT; {"isbn":"6553361408","nombre":"Moby Dick","autor":"Herman Melville","categoria":"Aventura","precio":"22.00","cantidad":"3"}
INSERT; {"isbn":"2262325792","nombre":"Moby Dick","autor":"Herman Melville","categoria":"Aventura","precio":"22.00","cantidad":"3"}
INSERT; {"isbn":"1990168064","nombre":"Cien Años de Soledad","autor":"Gabriel Garcia Marquez","categoria":"Ficción","precio":"20.00","cantidad":"10"}
INSERT; {"isbn":"1042186215","nombre":"Don Quijote de la Mancha","autor":"Miguel de Cervantes","categoria":"Clásicos","precio":"25.00","cantidad":"7"}
SEARCH; {"nombre":"Cien Años de Soledad"}
INSERT; {"isbn":"2007750307","nombre":"Cien Años de Soledad","autor":"Gabriel Garcia Marquez","categoria":"Ficción","precio":"20.00","cantidad":"10"}
DELETE; {"isbn":"2862713174"}
PATCH; {"isbn":"2561427675","autor":"Antoine de Saint-Exupéry","precio":"18.00"}
INSERT; {"isbn":"2348361778","nombre":"El Principito","autor":"Antoine de Saint-Exupéry","categoria":"Ficción","precio":"15.00","cantidad":"5"}
DELETE; {"isbn":"3609224113"}
SEARCH; {"nombre":"Cien Años de Soledad"}
SEARCH; {"nombre":"El Principito"}
DELETE; {"isbn":"2985190704"}
PATCH; {"isbn":"2065889503","cantidad":"10"}
INSERT; {"isbn":"2649137140","nombre":"Don Quijote de la Mancha","autor":"Miguel de Cervantes","categoria":"Clásicos","precio":"25.00","cantidad":"7"}
PATCH; {"isbn":"1176391733","autor":"Antoine de Saint-Exupéry","precio":"18.00"}
INSERT; {"isbn":"3158977890","nombre":"El Principito","autor":"Antoine de Saint-Exupéry","categoria":"Ficción","precio":"15.00","cantidad":"5"}
INSERT; {"isbn":"2665308290","nombre":"Moby Dick","autor":"Herman Melville","categoria":"Aventura","precio":"22.00","cantidad":"3"}
INSERT; {"isbn":"2236703058","nombre":"Moby Dick","autor":"Herman Melville","categoria":"Aventura","precio":"22.00","cantidad":"3"}
PATCH; {"isbn":"2450989695","cantidad":"10"}
INSERT; {"isbn":"1048565899","nombre":"Cien Años de Soledad","autor":"Gabriel Garcia Marquez","categoria":"Ficción","precio":"20.00","cantidad":"10"}
PATCH; {"isbn":"1200081591","cantidad":"10"}
SEARCH; {"nombre":"Cien Años de Soledad"}
PATCH; {"isbn":"1485291355","autor":"Antoine de Saint-Exupéry","precio":"18.00"}
SEARCH; {"nombre":"El Principito"}
SEARCH; {"nombre":"Cien Años de Soledad"}
DELETE; {"isbn":"2131831450"}
SEARCH; {"nombre":"Cien Años de Soledad"}
PATCH; {"isbn":"1956633822","autor":"Antoine de Saint-Exupéry","precio":"18.00"}
PATCH; {"isbn":"2335962419","autor":"Antoine de Saint-Exupéry","precio":"18.00"}
SEARCH; {"nombre":"El Principito"}
SEARCH; {"nombre":"El Principito"}
PATCH; {"isbn":"4272840218","cantidad":"10"}
INSERT; {"isbn":"5670809001","nombre":"Cien Años de Soledad","autor":"Gabriel Garcia Marquez","categoria":"Ficción","precio":"20.00","cantidad":"10"}
INSERT; {"isbn":"1259056698","nombre":"Moby Dick","autor":"Herman Melville","categoria":"Aventura","precio":"22.00","cantidad":"3"}
PATCH; {"isbn":"2001838877","autor":"Antoine de Saint-Exupéry","precio":"18.00"}
INSERT; {"isbn":"3401897681","nombre":"Moby Dick","autor":"Herman Melville","categoria":"Aventura","precio":"22.00","cantidad":"3"}
PATCH; {"isbn":"1508415106","cantidad":"10"}
INSERT; {"isbn":"4322012831","nombre":"Cien Años de Soledad","autor":"Gabriel Garcia Marquez","categoria":"Ficción","precio":"20.00","cantidad":"10"}
DELETE; {"isbn":"3122023254"}
INSERT; {"isbn":"2395733687","nombre":"Moby Dick","autor":"Herman Melville","categoria":"Aventura","precio":"22.00","cantidad":"3"}
INSERT; {"isbn":"1974023942","nombre":"El Principito","autor":"Antoine de Saint-Exupéry","categoria":"Ficción","precio":"15.00","cantidad":"5"}
INSERT; {"isbn":"2144635646","nombre":"Don Quijote de la Mancha","autor":"Miguel de Cervantes","categoria":"Clásicos","precio":"25.00","cantidad":"7"}
DELETE; {"isbn":"3239459611"}
INSERT; {"isbn":"1412081139","nombre":"Moby Dick","autor":"Herman Melville","categoria":"Aventura","precio":"22.00","cantidad":"3"}
DELETE; {"isbn":"2966610561"}
INSERT; {"isbn":"5840794216","nombre":"Cien Años de Soledad","autor":"Gabriel Garcia Marquez","categoria":"Ficción","precio":"20.00","cantidad":"10"}
INSERT; {"isbn":"1954444924","nombre":"El Principito","autor":"Antoine de Saint-Exupéry","categoria":"Ficción","precio":"15.00","cantidad":"5"}
SEARCH; {"nombre":"El Principito"}
SEARCH; {"nombre":"El Principito"}
DELETE; {"isbn":"2360275108"}
INSERT; {"isbn":"2209771255","nombre":"Moby Dick","autor":"Herman Melville","categoria":"Aventura","precio":"22.00","cantidad":"3"}
INSERT; {"isbn":"1564097460","nombre":"Moby Dick","autor":"Herman Melville","categoria":"Aventura","precio":"22.00","cantidad":"3"}
DELETE; {"isbn":"5266544317"}
SEARCH; {"nombre":"El Principito"}
DELETE; {"isbn":"2913890464"}
DELETE; {"isbn":"1313146083"}
PATCH; {"isbn":"3238470436","autor":"Antoine de Saint-Exupéry","precio":"18.00"}
DELETE; {"isbn":"1028328379"}
SEARCH; {"nombre":"Cien Años de Soledad"}
DELETE; {"isbn":"1728803295"}
DELETE; {"isbn":"8872921574"}
INSERT; {"isbn":"3278885762","nombre":"Moby Dick","autor":"Herman Melville","categoria":"Aventura","precio":"22.00","cantidad":"3"}
INSERT; {"isbn":"3588608021","nombre":"Don Quijote de la Mancha","autor":"Miguel de Cervantes","categoria":"Clásicos","precio":"25.00","cantidad":"7"}
DELETE; {"isbn":"1785635721"}
DELETE; {"isbn":"1091781557"}
PATCH; {"isbn":"1422900478","autor":"Antoine de Saint-Exupéry","precio":"18.00"}
PATCH; {"isbn":"2315620776","autor":"Antoine de Saint-Exupéry","precio":"18.00"}
SEARCH; {"nombre":"Cien Años de Soledad"}
INSERT; {"isbn":"7613889922","nombre":"El Principito","autor":"Antoine de Saint-Exupéry","categoria":"Ficción","precio":"15.00","cantidad":"5"}
PATCH; {"isbn":"3063719937","cantidad":"10"}
INSERT; {"isbn":"2821414766","nombre":"Cien Años de Soledad","autor":"Gabriel Garcia Marquez","categoria":"Ficción","precio":"20.00","cantidad":"10"}
SEARCH; {"nombre":"Cien Años de Soledad"}
PATCH; {"isbn":"5308490312","cantidad":"10"}
DELETE; {"isbn":"8840601811"}
INSERT; {"isbn":"1048198618","nombre":"Don Quijote de la Mancha","autor":"Miguel de Cervantes","categoria":"Clásicos","precio":"25.00","cantidad":"7"}
INSERT; {"isbn":"1883059707","nombre":"El Principito","autor":"Antoine de Saint-Exupéry","categoria":"Ficción","precio":"15.00","cantidad":"5"}
INSERT; {"isbn":"1926852453","nombre":"El Principito","autor":"Antoine de Saint-Exupéry","categoria":"Ficción","precio":"15.00","cantidad":"5"}
INSERT; {"isbn":"7602177712","nombre":"Moby Dick","autor":"Herman Melville","categoria":"Aventura","precio":"22.00","cantidad":"3"}
INSERT; {"isbn":"1044147994","nombre":"Don Quijote de la Mancha","autor":"Miguel de Cervantes","categoria":"Clásicos","precio":"25.00","cantidad":"7"}
INSERT; {"isbn":"1747727705","nombre":"El Principito","autor":"Antoine de Saint-Exupéry","categoria":"Ficción","precio":"15.00","cantidad":"5"}
SEARCH; {"nombre":"Cien Años de Soledad"}
DELETE; {"isbn":"7308899203"}
INSERT; {"isbn":"2846566639","nombre":"Cien Años de Soledad","autor":"Gabriel Garcia Marquez","categoria":"Ficción","precio":"20.00","cantidad":"10"}
PATCH; {"isbn":"2211698718","cantidad":"10"}
DELETE; {"isbn":"3163546290"}
SEARCH; {"nombre":"Cien Años de Soledad"}
INSERT; {"isbn":"3220647177","nombre":"El Principito","autor":"Antoine de Saint-Exupéry","categoria":"Ficción","precio":"15.00","cantidad":"5"}
INSERT; {"isbn":"1139979825","nombre":"Don Quijote de la Mancha","autor":"Miguel de Cervantes","categoria":"Clásicos","precio":"25.00","cantidad":"7"}
INSERT; {"isbn":"3139953511","nombre":"Cien Años de Soledad","autor":"Gabriel Garcia Marquez","categoria":"Ficción","precio":"20.00","cantidad":"10"}
INSERT; {"isbn":"2495526888","nombre":"Cien Años de Soledad","autor":"Gabriel Garcia Marquez","categoria":"Ficción","precio":"20.00","cantidad":"10"}
DELETE; {"isbn":"4759722423"}
PATCH; {"isbn":"1319099202","cantidad":"10"}
INSERT; {"isbn":"3350740083","nombre":"Cien Años de Soledad","autor":"Gabriel Garcia Marquez","categoria":"Ficción","precio":"20.00","cantidad":"10"}
SEARCH; {"nombre":"Cien Años de Soledad"}
INSERT; {"isbn":"1688739083","nombre":"Don Quijote de la Mancha","autor":"Miguel de Cervantes","categoria":"Clásicos","precio":"25.00","cantidad":"7"}
INSERT; {"isbn":"1384763016","nombre":"Moby Dick","autor":"Herman Melville","categoria":"Aventura","precio":"22.00","cantidad":"3"}
DELETE; {"isbn":"1223612366"}
PATCH; {"isbn":"1414949603","autor":"Antoine de Saint-Exupéry","precio":"18.00"}
PATCH; {"isbn":"8978681925","cantidad":"10"}
INSERT; {"isbn":"3104953317","nombre":"El Principito","autor":"Antoine de Saint-Exupéry","categoria":"Ficción","precio":"15.00","cantidad":"5"}
INSERT; {"isbn":"1209464226","nombre":"Cien Años de Soledad","autor":"Gabriel Garcia Marquez","categoria":"Ficción","precio":"20.00","cantidad":"10"}
DELETE; {"isbn":"3344437286"}
DELETE; {"isbn":"2017829237"}
DELETE; {"isbn":"6912685895"}
INSERT; {"isbn":"2508347766","nombre":"Don Quijote de la Mancha","autor":"Miguel de Cervantes","categoria":"Clásicos","precio":"25.00","cantidad":"7"}
PATCH; {"isbn":"9199384826","autor":"Antoine de Saint-Exupéry","precio":"18.00"}
PATCH; {"isbn":"2294646054","autor":"Antoine de Saint-Exupéry","precio":"18.00"}
INSERT; {"isbn":"4763310592","nombre":"El Principito","autor":"Antoine de Saint-Exupéry","categoria":"Ficción","precio":"15.00","cantidad":"5"}
INSERT; {"isbn":"1046504091","nombre":"El Principito","autor":"Antoine de Saint-Exupéry","categoria":"Ficción","precio":"15.00","cantidad":"5"}
PATCH; {"isbn":"7927425008","cantidad":"10"}
INSERT; {"isbn":"4404794621","nombre":"Don Quijote de la Mancha","autor":"Miguel de Cervantes","categoria":"Clásicos","precio":"25.00","cantidad":"7"}
DELETE; {"isbn":"1995746786"}
INSERT; {"isbn":"1130237244","nombre":"Don Quijote de la Mancha","autor":"Miguel de Cervantes","categoria":"Clásicos","precio":"25.00","cantidad":"7"}
INSERT; {"isbn":"2133609307","nombre":"Don Quijote de la Mancha","autor":"Miguel de Cervantes","categoria":"Clásicos","precio":"25.00","cantidad":"7"}
PATCH; {"isbn":"9665695932","cantidad":"10"}
DELETE; {"isbn":"9085951864"}
SEARCH; {"nombre":"El Principito"}
PATCH; {"isbn":"2394515840","cantidad":"10"}
SEARCH; {"nombre":"Cien Años de Soledad"}
SEARCH; {"nombre":"El Principito"}
SEARCH; {"nombre":"El Principito"}
INSERT; {"isbn":"1515234091","nombre":"Don Quijote de la Mancha","autor":"Miguel de Cervantes","categoria":"Clásicos","precio":"25.00","cantidad":"7"}
INSERT; {"isbn":"6115152683","nombre":"Don Quijote de la Mancha","autor":"Miguel de Cervantes","categoria":"Clásicos","precio":"25.00","cantidad":"7"}
PATCH; {"isbn":"1106864434","autor":"Antoine de Saint-Exupéry","precio":"18.00"}
INSERT; {"isbn":"2222217548","nombre":"El Principito","autor":"Antoine de Saint-Exupéry","categoria":"Ficción","precio":"15.00","cantidad":"5"}
SEARCH; {"nombre":"Cien Años de Soledad"}
DELETE; {"isbn":"1978995959"}
DELETE; {"isbn":"2424321022"}
INSERT; {"isbn":"2578526619","nombre":"Don Quijote de la Mancha","autor":"Miguel de Cervantes","categoria":"Clásicos","precio":"25.00","cantidad":"7"}
SEARCH; {"nombre":"El Principito"}
DELETE; {"isbn":"5942204840"}
